Date,Open,High,Low,Close,Volume,Dividends,Stock Splits,Symbol
2022-01-19 00:00:00-05:00,37.0056399390811,41.87480308896019,37.0056399390811,40.900970458984375,129900,0.0,0.0,CEG
2022-01-20 00:00:00-05:00,39.8784395018253,47.104274485245696,39.8784395018253,43.82246017456055,153400,0.0,0.0,CEG
2022-01-21 00:00:00-05:00,41.87479527791341,48.64293153673741,41.82610439847243,43.82246017456055,329500,0.0,0.0,CEG
2022-01-24 00:00:00-05:00,43.7445627179096,43.8224711163685,40.784114159132486,41.68003845214844,110000,0.0,0.0,CEG
2022-01-25 00:00:00-05:00,41.38788410669317,43.744557136215946,40.248501786190765,40.8016357421875,23500,0.0,0.0,CEG
2022-01-26 00:00:00-05:00,43.83219607674222,43.88089067018404,41.14442020221955,42.08903884887695,90500,0.0,0.0,CEG
2022-01-27 00:00:00-05:00,46.02333301286844,48.32157884144043,42.605181777917416,44.56258392333984,151600,0.0,0.0,CEG
2022-01-28 00:00:00-05:00,43.38423997968097,46.35442855666307,42.99470918303864,45.52667236328125,43600,0.0,0.0,CEG
2022-01-31 00:00:00-05:00,44.79629627863566,46.74396133422852,44.79629627863566,46.74396133422852,71300,0.0,0.0,CEG
2022-02-01 00:00:00-05:00,46.25704565713029,48.69162700750556,45.81882027108747,48.47738265991211,298800,0.0,0.0,CEG
2022-02-02 00:00:00-05:00,48.72572051221902,54.75861397926876,48.496869226217,51.62287139892578,23860900,0.0,0.0,CEG
2022-02-03 00:00:00-05:00,50.82432275227316,55.08971063881864,48.983779707462034,52.21690368652344,8425500,0.0,0.0,CEG
2022-02-04 00:00:00-05:00,51.22360003262434,52.90833392200388,48.80849531175433,48.827972412109375,6757800,0.0,0.0,CEG
2022-02-07 00:00:00-05:00,48.69163417922404,48.73058837813787,44.796303444886114,44.86447143554688,9432500,0.0,0.0,CEG
2022-02-08 00:00:00-05:00,43.94906636974857,46.31547988986994,43.01418424849424,44.309383392333984,7277500,0.0,0.0,CEG
2022-02-09 00:00:00-05:00,43.57900869962207,46.20835745352429,42.73177538071105,46.072021484375,4393100,0.0,0.0,CEG
2022-02-10 00:00:00-05:00,44.319114237797976,47.2308749683291,44.19251869094416,45.81881713867188,2450000,0.0,0.0,CEG
2022-02-11 00:00:00-05:00,45.53640873454558,47.63015021821953,44.85472891649024,46.83160781860352,3456800,0.0,0.0,CEG
2022-02-14 00:00:00-05:00,46.928994157955565,47.7177999433544,45.76039794757074,46.85108947753906,2155000,0.0,0.0,CEG
2022-02-15 00:00:00-05:00,46.45181231886484,47.18218671471216,45.96489605496663,46.74396133422852,2359800,0.0,0.0,CEG
2022-02-16 00:00:00-05:00,46.47129438485206,47.20166885880572,45.72144281247443,45.96490097045898,5855300,0.0,0.0,CEG
2022-02-17 00:00:00-05:00,45.1079238185523,45.848038643441896,44.00749198713499,44.10487747192383,3142600,0.0,0.0,CEG
2022-02-18 00:00:00-05:00,43.96854586685793,44.69892035823513,43.62770220862252,44.22174072265625,2018700,0.0,0.0,CEG
2022-02-22 00:00:00-05:00,44.221734882398266,44.48467011035405,42.35197821454776,42.40066909790039,2611100,0.0,0.0,CEG
2022-02-23 00:00:00-05:00,42.54673847576963,42.8388911831691,41.07625310830503,41.962440490722656,2791200,0.0,0.0,CEG
2022-02-24 00:00:00-05:00,42.15882578425334,43.56574696817447,41.25018802159431,43.30194854736328,2447900,0.141,0.0,CEG
2022-02-25 00:00:00-05:00,43.28241581101455,43.89794557763213,42.73528155364123,42.90137481689453,2040700,0.0,0.0,CEG
2022-02-28 00:00:00-05:00,42.30538446558979,45.54912271016151,41.48467938400704,44.923824310302734,5534900,0.0,0.0,CEG
2022-03-01 00:00:00-05:00,44.57208931309838,46.94627153951336,44.30829087382203,46.69224548339844,4212900,0.0,0.0,CEG
2022-03-02 00:00:00-05:00,46.89742073705259,49.144588068621935,46.24281269492586,48.32388305664063,3517100,0.0,0.0,CEG
2022-03-03 00:00:00-05:00,48.67561162756998,49.17389878261716,46.45482463491266,48.38250350952149,2072200,0.0,0.0,CEG
2022-03-04 00:00:00-05:00,48.04054430287044,49.86759236345796,47.14167884751863,49.82851028442383,2544600,0.0,0.0,CEG
2022-03-07 00:00:00-05:00,49.88714477687037,51.372230575106,48.72447688649471,50.46359252929688,2726900,0.0,0.0,CEG
2022-03-08 00:00:00-05:00,50.00438129718195,54.04928373594074,49.68195970104222,51.118194580078125,3873700,0.0,0.0,CEG
2022-03-09 00:00:00-05:00,51.23542816505902,52.446946444719686,49.42792499174613,50.15092849731445,3050600,0.0,0.0,CEG
2022-03-10 00:00:00-05:00,49.4083906124185,50.45381207170426,48.13825277401335,50.14116287231445,2692700,0.0,0.0,CEG
2022-03-11 00:00:00-05:00,50.23886807522136,50.64922250927294,47.18076763395688,48.18710708618164,3034100,0.0,0.0,CEG
2022-03-14 00:00:00-04:00,50.66875606540566,50.66875606540566,47.473868800110864,49.77965927124024,2916600,0.0,0.0,CEG
2022-03-15 00:00:00-04:00,50.16070529314517,50.40496271983032,48.75378385718483,50.111854553222656,2117400,0.0,0.0,CEG
2022-03-16 00:00:00-04:00,50.52220268448002,51.19635553334326,49.193441754220586,50.58082580566406,2989800,0.0,0.0,CEG
2022-03-17 00:00:00-04:00,50.688304353224765,51.49923710572145,49.740584305311785,49.81874847412109,2244600,0.0,0.0,CEG
2022-03-18 00:00:00-04:00,49.48655577609007,50.22909670788198,47.75721276053116,47.88422393798828,9663900,0.0,0.0,CEG
2022-03-21 00:00:00-04:00,47.78652070759176,48.29457658001874,47.48364017006632,48.08940124511719,2452000,0.0,0.0,CEG
2022-03-22 00:00:00-04:00,49.19344335016959,50.85439456687897,48.86125310682771,49.96529769897461,3841900,0.0,0.0,CEG
2022-03-23 00:00:00-04:00,49.53540895279641,50.58083048464832,49.53540895279641,49.81874847412109,2396200,0.0,0.0,CEG
2022-03-24 00:00:00-04:00,50.00437361531544,51.37221650208035,49.60085843562026,51.20611953735352,2335200,0.0,0.0,CEG
2022-03-25 00:00:00-04:00,51.04003728535138,52.583742397805565,50.83485819922431,52.56420135498047,2441200,0.0,0.0,CEG
2022-03-28 00:00:00-04:00,53.13086976263195,55.54413029802908,52.8084482112746,55.47573852539063,3127000,0.0,0.0,CEG
2022-03-29 00:00:00-04:00,55.69069517285393,56.07173617507341,53.375135732931405,55.03608703613281,2201300,0.0,0.0,CEG
2022-03-30 00:00:00-04:00,54.87975185254852,56.46254251715676,54.42055046651031,56.17920303344727,1934100,0.0,0.0,CEG
2022-03-31 00:00:00-04:00,56.99991227609028,57.72291588675955,54.49871492739974,54.95792007446289,3817600,0.0,0.0,CEG
2022-04-01 00:00:00-04:00,55.06539063465934,56.96082677826386,54.4205512268704,56.687259674072266,2156500,0.0,0.0,CEG
2022-04-04 00:00:00-04:00,57.01945660796574,57.35164687089299,56.20852012929202,57.03899765014648,1885100,0.0,0.0,CEG
2022-04-05 00:00:00-04:00,57.302789805001694,58.934427512761786,57.10738313183217,57.64474868774414,2143100,0.0,0.0,CEG
2022-04-06 00:00:00-04:00,57.54705066880653,58.69994600992671,57.02922239476516,58.2309684753418,2559400,0.0,0.0,CEG
2022-04-07 00:00:00-04:00,58.38729385871397,59.66720412119637,57.98671182649773,59.51087951660156,3925800,0.0,0.0,CEG
2022-04-08 00:00:00-04:00,59.813756125343446,63.40922552106336,59.50110693676539,62.549434661865234,4762100,0.0,0.0,CEG
2022-04-11 00:00:00-04:00,62.70576732829324,63.176697856760114,59.02236486010997,59.286163330078125,3487700,0.0,0.0,CEG
2022-04-12 00:00:00-04:00,59.598807288975934,61.75804187166936,59.48156477723359,60.448822021484375,2553000,0.0,0.0,CEG
2022-04-13 00:00:00-04:00,60.61491969135366,63.06726617213293,60.33158020157765,62.72529983520508,3405700,0.0,0.0,CEG
2022-04-14 00:00:00-04:00,62.64714496291983,63.23336127258458,60.7526815156329,61.11320495605469,1860100,0.0,0.0,CEG
2022-04-18 00:00:00-04:00,60.85917655295739,62.69598957403922,60.85917655295739,61.85574722290039,1216800,0.0,0.0,CEG
2022-04-19 00:00:00-04:00,62.168408188152256,65.35352374596613,61.43563582671223,65.17765808105469,2078800,0.0,0.0,CEG
2022-04-20 00:00:00-04:00,66.26215814385615,67.10240433529452,63.570443833721725,63.90752029418945,2182800,0.0,0.0,CEG
2022-04-21 00:00:00-04:00,63.506930672699085,64.77707226781109,60.72239751095591,61.23044967651367,2493700,0.0,0.0,CEG
2022-04-22 00:00:00-04:00,61.064355830657504,62.97542716303012,60.85918048956389,60.99596405029297,2030500,0.0,0.0,CEG
2022-04-25 00:00:00-04:00,60.927574395591805,61.39654821748428,58.07464565357177,60.83964157104492,2261600,0.0,0.0,CEG
2022-04-26 00:00:00-04:00,60.38043277853917,60.79078717745923,58.533847301079945,58.57292938232422,2136500,0.0,0.0,CEG
2022-04-27 00:00:00-04:00,58.631545010014,59.78444024313916,58.35797791302572,58.70970916748047,1991600,0.0,0.0,CEG
2022-04-28 00:00:00-04:00,58.83672518224279,59.94076597447687,57.44934117732359,59.90168762207031,3354600,0.0,0.0,CEG
2022-04-29 00:00:00-04:00,60.087328800881046,60.43906010238857,57.79131041070084,57.84992980957031,2578400,0.0,0.0,CEG
2022-05-02 00:00:00-04:00,57.93786371629596,58.6120166324586,55.5929945409358,56.86313247680664,2488200,0.0,0.0,CEG
2022-05-03 00:00:00-04:00,57.10738344651019,59.06144273482826,57.10738344651019,58.32867050170898,2224200,0.0,0.0,CEG
2022-05-04 00:00:00-04:00,58.73901914148167,60.86405779896992,58.468381521932784,60.39020156860352,2628900,0.0,0.0,CEG
2022-05-05 00:00:00-04:00,59.81375563281287,60.56606890134406,57.81084189319511,58.77810287475586,1946800,0.0,0.0,CEG
2022-05-06 00:00:00-04:00,58.875801957676245,59.8235218607552,57.351638169550085,58.88557434082031,2861000,0.0,0.0,CEG
2022-05-09 00:00:00-04:00,59.17868598548152,59.17868598548152,55.270567360178745,56.29644775390625,2193700,0.0,0.0,CEG
2022-05-10 00:00:00-04:00,56.91197950683669,58.49476656284567,55.43178012114498,55.729774475097656,2156200,0.0,0.0,CEG
2022-05-11 00:00:00-04:00,55.79817040402289,57.67406576142557,55.23149135205369,56.05219650268555,1877000,0.0,0.0,CEG
2022-05-12 00:00:00-04:00,56.1315328749831,56.660425987726335,51.98851503033762,52.3704948425293,3785600,0.141,0.0,CEG
2022-05-13 00:00:00-04:00,53.40869235826554,54.75150248508451,52.52720139997319,53.4870491027832,2317500,0.0,0.0,CEG
2022-05-16 00:00:00-04:00,53.300958031343725,55.95523505548195,53.222605016718106,55.42633819580078,1631900,0.0,0.0,CEG
2022-05-17 00:00:00-04:00,55.6809828343717,58.25690276856072,54.82887383010763,58.10019302368164,2215100,0.0,0.0,CEG
2022-05-18 00:00:00-04:00,58.19813266642107,59.015965231218,55.7593371349446,56.10213851928711,4609100,0.0,0.0,CEG
2022-05-19 00:00:00-04:00,55.95523087016547,56.32741420024593,53.7906724921716,56.05317306518555,2181100,0.0,0.0,CEG
2022-05-20 00:00:00-04:00,56.3274084837355,57.72800340066047,54.3489494440806,55.4850959777832,2266200,0.0,0.0,CEG
2022-05-23 00:00:00-04:00,56.31762140813555,56.40577087805067,54.71134549968696,55.436126708984375,1581800,0.0,0.0,CEG
2022-05-24 00:00:00-04:00,55.38715291679333,56.180498107430935,53.93758683246869,55.612422943115234,1682300,0.0,0.0,CEG
2022-05-25 00:00:00-04:00,55.71037367058853,58.119787623678285,55.71037367058853,57.95328140258789,1974700,0.0,0.0,CEG
2022-05-26 00:00:00-04:00,57.96307648243969,61.74664023969992,57.95328002106211,61.1854248046875,3260100,0.0,0.0,CEG
2022-05-27 00:00:00-04:00,61.11686707338824,65.26967764221462,60.72509079953422,65.23049926757812,2793800,0.0,0.0,CEG
2022-05-31 00:00:00-04:00,64.19229465050336,65.02481451228341,60.108040877419405,60.803443908691406,7389300,0.0,0.0,CEG
2022-06-01 00:00:00-04:00,61.0972782549511,62.60560832500821,60.87200820381435,62.34116363525391,2008600,0.0,0.0,CEG
2022-06-02 00:00:00-04:00,62.38033461398993,62.80149651478209,60.705498417113525,62.43910217285156,1758500,0.0,0.0,CEG
2022-06-03 00:00:00-04:00,61.95917086465886,64.46653043958803,61.822050309263226,63.82989501953125,1793500,0.0,0.0,CEG
2022-06-06 00:00:00-04:00,64.22166535112657,65.56349634595058,64.04047194935627,65.0248031616211,2033200,0.0,0.0,CEG
2022-06-07 00:00:00-04:00,64.17268491623891,65.32842044225903,63.8210735016244,65.18151092529297,2721700,0.0,0.0,CEG
2022-06-08 00:00:00-04:00,65.07378310917665,65.10316501745136,61.83184596977673,63.43811798095703,1922200,0.0,0.0,CEG
2022-06-09 00:00:00-04:00,62.93861363845244,63.13449801809499,59.90235718267725,59.95132827758789,1811000,0.0,0.0,CEG
2022-06-10 00:00:00-04:00,58.61929543747076,59.80441689503115,57.992456435664856,58.56053161621094,1540800,0.0,0.0,CEG
2022-06-13 00:00:00-04:00,57.0717908752894,57.77698666686497,54.06491977191247,54.33916091918945,2113200,0.0,0.0,CEG
2022-06-14 00:00:00-04:00,54.87785006679753,55.31859743314694,52.22357687959552,53.3205451965332,2330400,0.0,0.0,CEG
2022-06-15 00:00:00-04:00,54.55463868168824,58.330367663090826,54.53504949440242,57.003231048583984,3891700,0.0,0.0,CEG
2022-06-16 00:00:00-04:00,55.171679160886704,57.150138295888674,54.92681995013096,57.061988830566406,4837000,0.0,0.0,CEG
2022-06-17 00:00:00-04:00,57.346024564612016,58.27649028276428,54.34405208249282,56.90527725219727,6478700,0.0,0.0,CEG
2022-06-21 00:00:00-04:00,56.90527501892297,59.68687560379703,56.90527501892297,59.13839340209961,4363600,0.0,0.0,CEG
2022-06-22 00:00:00-04:00,58.061018628067934,59.18737256516823,57.65455515138,57.99245834350586,3233400,0.0,0.0,CEG
2022-06-23 00:00:00-04:00,58.64868043506622,59.97091870634632,56.60165724081254,57.443973541259766,2667600,0.0,0.0,CEG
2022-06-24 00:00:00-04:00,57.630065207800655,59.09922050330585,56.787748907243525,58.06101608276367,6473700,0.0,0.0,CEG
2022-06-27 00:00:00-04:00,57.90430886597566,58.63986544473445,57.218702284176416,58.19813919067383,1718900,0.0,0.0,CEG
2022-06-28 00:00:00-04:00,58.60950369499052,59.65750086924733,56.64083718843253,56.88569641113281,1401700,0.0,0.0,CEG
2022-06-29 00:00:00-04:00,56.76816251265154,56.959152411556914,55.16188657506008,56.13153076171875,1412200,0.0,0.0,CEG
2022-06-30 00:00:00-04:00,55.72995593598291,57.62418487172532,55.38715081102225,56.082550048828125,2424400,0.0,0.0,CEG
2022-07-01 00:00:00-04:00,55.55365617238422,56.89548353452257,55.4557102511941,56.415557861328125,1531900,0.0,0.0,CEG
2022-07-05 00:00:00-04:00,55.97481911426562,56.19029268693402,51.80241591854728,53.81026077270508,2696000,0.0,0.0,CEG
2022-07-06 00:00:00-04:00,53.99635508259657,56.04337826734825,53.43807637186931,55.59283447265625,1716600,0.0,0.0,CEG
2022-07-07 00:00:00-04:00,56.38617854709012,58.668268176364656,56.38617854709012,57.89451217651367,1872100,0.0,0.0,CEG
2022-07-08 00:00:00-04:00,57.728009287497166,58.580122076859816,56.23926475768277,58.42341232299805,2096000,0.0,0.0,CEG
2022-07-11 00:00:00-04:00,58.42340922973143,58.90333119091163,57.208905899414006,58.609500885009766,1774700,0.0,0.0,CEG
2022-07-12 00:00:00-04:00,58.18834575387855,59.85338922181061,57.7084200316123,58.01204681396485,1808400,0.0,0.0,CEG
2022-07-13 00:00:00-04:00,56.95425465878132,59.04045247151368,56.95425465878132,58.58991241455078,1577200,0.0,0.0,CEG
2022-07-14 00:00:00-04:00,57.09137918467143,57.75739659175198,55.91605412886718,56.72898483276367,2608600,0.0,0.0,CEG
2022-07-15 00:00:00-04:00,53.82985058300173,55.481181986735535,51.55755729687829,54.51545715332031,5186100,0.0,0.0,CEG
2022-07-18 00:00:00-04:00,55.17168215254223,55.50468711042222,53.4674603093195,53.68293762207031,2583100,0.0,0.0,CEG
2022-07-19 00:00:00-04:00,54.29998089371762,54.35874845331365,53.05609557084972,53.8690299987793,2326200,0.0,0.0,CEG
2022-07-20 00:00:00-04:00,54.025735247568285,54.20693240568114,52.27254242989785,52.95814895629883,2803600,0.0,0.0,CEG
2022-07-21 00:00:00-04:00,52.75247247021923,53.72701114766701,52.213782917993306,53.04630279541016,1816800,0.0,0.0,CEG
2022-07-22 00:00:00-04:00,53.66334724451008,54.45668872156239,52.32151603649254,52.889591217041016,1503100,0.0,0.0,CEG
2022-07-25 00:00:00-04:00,52.86999406975725,53.927787528212384,52.272537068547,53.82984161376953,1847700,0.0,0.0,CEG
2022-07-26 00:00:00-04:00,54.26080719155662,55.50468879959521,53.761292267024416,54.35874938964844,1993500,0.0,0.0,CEG
2022-07-27 00:00:00-04:00,53.89840795469843,54.613396397493,53.06588813759304,54.388126373291016,1557200,0.0,0.0,CEG
2022-07-28 00:00:00-04:00,61.29316647564701,64.58407524430665,60.91118292450345,63.2618293762207,8460600,0.0,0.0,CEG
2022-07-29 00:00:00-04:00,62.53705045890558,65.23050218751752,62.33136958724021,64.74078369140625,3895200,0.0,0.0,CEG
2022-08-01 00:00:00-04:00,64.69181111394686,65.23049693276778,62.81128656125983,63.95723342895508,2735200,0.0,0.0,CEG
2022-08-02 00:00:00-04:00,63.95723277933492,65.41659167305941,63.65360225798175,64.48612213134766,1722900,0.0,0.0,CEG
2022-08-03 00:00:00-04:00,65.25987577796563,65.99445342843917,64.19229317941569,65.78877258300781,2286700,0.0,0.0,CEG
2022-08-04 00:00:00-04:00,64.16291590129244,66.9641061417999,64.16291590129244,66.07281494140625,2425900,0.0,0.0,CEG
2022-08-05 00:00:00-04:00,68.32551904588477,74.41761765334537,68.3157225847525,72.77216339111328,4216800,0.0,0.0,CEG
2022-08-08 00:00:00-04:00,75.42643207951308,76.03367812936317,73.42838005732287,74.32946014404297,3183600,0.0,0.0,CEG
2022-08-09 00:00:00-04:00,74.19233051399065,75.1913526666711,73.47733843037427,74.16294860839844,2945700,0.0,0.0,CEG
2022-08-10 00:00:00-04:00,74.48617493449858,75.61252132647498,73.94748168158893,75.53417205810547,2134600,0.0,0.0,CEG
2022-08-11 00:00:00-04:00,75.53416371319902,78.4137026335512,75.10320915848254,77.20899963378906,2540200,0.0,0.0,CEG
2022-08-12 00:00:00-04:00,78.15194412825224,80.14376268620272,77.5534164106739,79.96714782714844,2170800,0.141,0.0,CEG
2022-08-15 00:00:00-04:00,78.7406460049125,80.87964453850063,78.7406460049125,79.67277526855469,1980100,0.0,0.0,CEG
2022-08-16 00:00:00-04:00,79.57466560488066,80.56567156989806,79.37843020934676,79.86902618408203,1878800,0.0,0.0,CEG
2022-08-17 00:00:00-04:00,78.9074558095076,79.91808233290634,77.61228271874114,78.20099639892578,2502200,0.0,0.0,CEG
2022-08-18 00:00:00-04:00,77.92626308456026,80.6000096584102,77.92626308456026,80.06526184082031,1939600,0.0,0.0,CEG
2022-08-19 00:00:00-04:00,78.7995190515677,79.7512763918051,78.34817167611597,79.31954956054688,1704000,0.0,0.0,CEG
2022-08-22 00:00:00-04:00,79.2312490271684,79.2312490271684,78.02437964911938,78.15193939208984,1724600,0.0,0.0,CEG
2022-08-23 00:00:00-04:00,78.76026989592803,79.3686115640379,78.10287312474642,78.25005340576172,1065800,0.0,0.0,CEG
2022-08-24 00:00:00-04:00,78.16175306260625,79.29502854873272,77.81832989695548,78.8583984375,1430200,0.0,0.0,CEG
2022-08-25 00:00:00-04:00,78.5051505755623,81.27211088995239,78.26475591241632,81.18379974365234,1551700,0.0,0.0,CEG
2022-08-26 00:00:00-04:00,81.18381848906006,81.66460792636668,79.0840683500527,79.30974578857422,1641000,0.0,0.0,CEG
2022-08-29 00:00:00-04:00,78.15193961770417,80.44792516699583,77.6613436470794,79.47654724121094,1191200,0.0,0.0,CEG
2022-08-30 00:00:00-04:00,80.04562147116634,80.04562147116634,77.49452452321452,78.19116973876953,1802800,0.0,0.0,CEG
2022-08-31 00:00:00-04:00,78.75045577901385,80.8403916131794,78.07343104311684,80.05543518066406,3016500,0.0,0.0,CEG
2022-09-01 00:00:00-04:00,80.05544018523791,81.38005518365176,79.6335348723177,80.96794891357422,2421100,0.0,0.0,CEG
2022-09-02 00:00:00-04:00,81.02682114465506,82.11594464830206,79.43728772384337,79.54521942138672,2232200,0.0,0.0,CEG
2022-09-06 00:00:00-04:00,80.16338746915628,81.14457951889332,79.5550531892961,80.71286010742188,2013300,0.0,0.0,CEG
2022-09-07 00:00:00-04:00,81.04645210906163,82.87146970197252,80.1476799397709,81.34081268310547,1759100,0.0,0.0,CEG
2022-09-08 00:00:00-04:00,81.31138150142868,84.33344708913263,81.31138150142868,84.17646026611328,2184400,0.0,0.0,CEG
2022-09-09 00:00:00-04:00,84.87309931002412,86.15845830293067,83.82812754152826,85.86410522460938,1905300,0.0,0.0,CEG
2022-09-12 00:00:00-04:00,86.89435545887986,86.99248064120266,85.81504582643251,86.47244262695312,1733800,0.0,0.0,CEG
2022-09-13 00:00:00-04:00,85.26557215303319,86.37431623418658,84.15682058598016,84.7553482055664,1974200,0.0,0.0,CEG
2022-09-14 00:00:00-04:00,84.75535522287947,86.86491934477911,84.63761698363874,86.39395141601562,3600300,0.0,0.0,CEG
2022-09-15 00:00:00-04:00,86.22714683856645,86.60000457472633,84.68667575921799,85.16746520996094,3631800,0.0,0.0,CEG
2022-09-16 00:00:00-04:00,84.98102697311033,85.22632493631966,83.29631774709037,83.96058654785156,6245600,0.0,0.0,CEG
2022-09-19 00:00:00-04:00,83.79379441786018,88.0129153309911,83.64661412749388,87.67931365966797,4407400,0.0,0.0,CEG
2022-09-20 00:00:00-04:00,86.74717671345347,88.48388302742578,85.91315763625728,86.0995864868164,4626000,0.0,0.0,CEG
2022-09-21 00:00:00-04:00,87.12002959769902,88.39557457467127,85.58937263097228,85.638427734375,2155100,0.0,0.0,CEG
2022-09-22 00:00:00-04:00,86.34489564626773,86.34489564626773,83.03827592488976,83.774169921875,1863300,0.0,0.0,CEG
2022-09-23 00:00:00-04:00,82.20916920450681,82.75372353757771,80.60982157237315,82.27294158935547,2678800,0.0,0.0,CEG
2022-09-26 00:00:00-04:00,82.09632945547132,83.35225396589829,80.11432499106013,81.36043548583984,1973300,0.0,0.0,CEG
2022-09-27 00:00:00-04:00,82.11596110153863,83.80851580901775,81.51743338101892,82.39069366455078,1777800,0.0,0.0,CEG
2022-09-28 00:00:00-04:00,82.52805579954477,83.92134657676,81.61554698344456,83.42093658447266,1564300,0.0,0.0,CEG
2022-09-29 00:00:00-04:00,83.45037002115346,84.58854867699918,80.52641500790025,81.4781723022461,1823700,0.0,0.0,CEG
2022-09-30 00:00:00-04:00,81.71365462385351,82.86164727141711,80.67359367675141,81.62535095214844,3267800,0.0,0.0,CEG
2022-10-03 00:00:00-04:00,83.43073843503717,85.27538382944252,82.29255982771633,84.96139526367188,2026700,0.0,0.0,CEG
2022-10-04 00:00:00-04:00,86.63925021032273,87.78233221850164,85.52069201161608,87.65968322753906,1679100,0.0,0.0,CEG
2022-10-05 00:00:00-04:00,86.0308987093341,87.78723295793534,83.98020392163116,86.51168060302734,1766700,0.0,0.0,CEG
2022-10-06 00:00:00-04:00,86.57056284905569,88.21797736777035,84.33343907494265,84.65723419189453,1677300,0.0,0.0,CEG
2022-10-07 00:00:00-04:00,84.09795310220156,84.13720167476015,81.80196775177237,82.80278015136719,2017200,0.0,0.0,CEG
2022-10-10 00:00:00-04:00,83.35224923042972,84.01946002442554,82.35143678238605,83.12657928466797,982800,0.0,0.0,CEG
2022-10-11 00:00:00-04:00,82.822412151189,83.71529289052827,80.99739461217008,81.32118225097656,1534200,0.0,0.0,CEG
2022-10-12 00:00:00-04:00,81.54687558935396,82.01784360270486,80.1437705944975,80.61474609375,1878400,0.0,0.0,CEG
2022-10-13 00:00:00-04:00,79.0448195930423,82.73410335092254,77.8085231494056,82.2435073852539,2746500,0.0,0.0,CEG
2022-10-14 00:00:00-04:00,82.62616425038213,83.16582275871636,79.19199279781813,79.73165130615234,1693300,0.0,0.0,CEG
2022-10-17 00:00:00-04:00,81.65478139703416,84.66703987207333,81.576284257761,83.58773040771484,1678900,0.0,0.0,CEG
2022-10-18 00:00:00-04:00,84.87309003875902,85.75616414905892,82.92052046802318,84.88290405273438,1598900,0.0,0.0,CEG
2022-10-19 00:00:00-04:00,83.4896250540792,84.60819083942678,82.96959448330679,84.0783462524414,1325800,0.0,0.0,CEG
2022-10-20 00:00:00-04:00,84.74555176052182,85.0987814628281,82.59673898580871,82.96958923339844,2076500,0.0,0.0,CEG
2022-10-21 00:00:00-04:00,83.10695083871146,85.81504257560502,82.0865178514937,85.638427734375,1749200,0.0,0.0,CEG
2022-10-24 00:00:00-04:00,85.9210097137583,86.06033728126172,83.96058729634305,85.93278503417969,1325000,0.0,0.0,CEG
2022-10-25 00:00:00-04:00,85.85428921264217,86.89435020647306,85.11839530510524,86.4920654296875,1647200,0.0,0.0,CEG
2022-10-26 00:00:00-04:00,87.99329613260751,87.99329613260751,85.68749650124224,87.11022186279297,1370100,0.0,0.0,CEG
2022-10-27 00:00:00-04:00,88.11594353457643,91.38821779566032,88.11594353457643,91.29010009765624,3345800,0.0,0.0,CEG
2022-10-28 00:00:00-04:00,91.1429144841358,93.46048925992102,90.09303945642336,91.98674011230467,1958000,0.0,0.0,CEG
2022-10-31 00:00:00-04:00,92.36940832480796,93.62533280607718,91.6187970920822,92.76188659667967,2276600,0.0,0.0,CEG
2022-11-01 00:00:00-04:00,93.44870955779272,94.42990140632112,92.23693702598818,93.72344207763672,1467400,0.0,0.0,CEG
2022-11-02 00:00:00-04:00,92.89924071364103,94.47896012395016,91.23121763381252,91.33914184570312,1966100,0.0,0.0,CEG
2022-11-03 00:00:00-04:00,90.4266415298673,93.65475602313003,90.4266415298673,92.6343231201172,1484400,0.0,0.0,CEG
2022-11-04 00:00:00-04:00,93.30153498354125,94.40047261595596,91.00064624632635,92.5460205078125,1974300,0.0,0.0,CEG
2022-11-07 00:00:00-05:00,93.27210449730669,93.27210449730669,91.21160289670782,91.74144744873048,2120300,0.0,0.0,CEG
2022-11-08 00:00:00-05:00,87.87554376378642,91.35387472255049,84.46100015961675,85.89353942871094,4345400,0.0,0.0,CEG
2022-11-09 00:00:00-05:00,85.36369948866897,88.22877818063807,84.70630268002752,85.70711517333984,2241500,0.0,0.0,CEG
2022-11-10 00:00:00-05:00,88.79787116314988,94.03743256451678,86.54112669171516,93.35060119628906,4885600,0.0,0.0,CEG
2022-11-11 00:00:00-05:00,93.4977771814117,94.0668702808318,89.8820874202911,90.57382202148438,3133200,0.0,0.0,CEG
2022-11-14 00:00:00-05:00,90.40774890453362,93.08067485433094,90.40774890453362,92.29451751708984,1997000,0.141,0.0,CEG
2022-11-15 00:00:00-05:00,92.87431213272023,93.11015633975758,91.0465026591384,91.8817901611328,2537200,0.0,0.0,CEG
2022-11-16 00:00:00-05:00,92.67776421294272,92.88412882050832,89.70020595080076,90.0932846069336,1384600,0.0,0.0,CEG
2022-11-17 00:00:00-05:00,88.86492146677371,89.87709397948187,87.33192290363141,88.49150085449219,1792500,0.0,0.0,CEG
2022-11-18 00:00:00-05:00,88.56030038770858,91.82284101464931,88.46792550159905,91.68526458740234,2515700,0.0,0.0,CEG
2022-11-21 00:00:00-05:00,92.44192074146804,92.58932617584011,91.154595442479,91.77368927001952,1744800,0.0,0.0,CEG
2022-11-22 00:00:00-05:00,92.92344719679517,94.692297586522,92.46158028962468,94.60385131835938,1567600,0.0,0.0,CEG
2022-11-23 00:00:00-05:00,94.3680069181244,96.19581648489088,92.78095983368962,94.9477996826172,1135900,0.0,0.0,CEG
2022-11-25 00:00:00-05:00,94.9281338313466,95.76342130735443,94.33851958342062,95.47844696044922,631700,0.0,0.0,CEG
2022-11-28 00:00:00-05:00,94.4073083351548,94.91830535369505,92.74655490453311,93.16911315917967,1590100,0.0,0.0,CEG
2022-11-29 00:00:00-05:00,93.0511947015032,93.46392392724157,91.70490270628773,92.79569244384766,1436200,0.0,0.0,CEG
2022-11-30 00:00:00-05:00,92.51070855527072,95.26225166079914,92.13728795413762,94.4564437866211,3361800,0.0,0.0,CEG
2022-12-01 00:00:00-05:00,95.32121091177038,96.08771017107225,92.25520637721112,92.83499908447266,1748600,0.0,0.0,CEG
2022-12-02 00:00:00-05:00,91.38062263906102,91.87196915340836,89.46437423204749,90.4470672607422,1848700,0.0,0.0,CEG
2022-12-05 00:00:00-05:00,89.43489034548398,90.0245046349129,88.24583273755246,88.50132751464844,2397000,0.0,0.0,CEG
2022-12-06 00:00:00-05:00,88.30478661535489,89.30713009746678,88.24582743915772,89.2088623046875,1237500,0.0,0.0,CEG
2022-12-07 00:00:00-05:00,89.30712624294544,91.58697342484518,89.02214440803901,90.37826538085938,1237200,0.0,0.0,CEG
2022-12-08 00:00:00-05:00,90.73205589586792,91.37571867802224,89.35628405376642,89.8279800415039,1002400,0.0,0.0,CEG
2022-12-09 00:00:00-05:00,89.77883706101456,90.27018358280324,88.13774147760509,88.16722106933594,1384600,0.0,0.0,CEG
2022-12-12 00:00:00-05:00,88.42271128568119,89.3464375223078,87.52845713940803,89.30712890625,1554100,0.0,0.0,CEG
2022-12-13 00:00:00-05:00,90.38810682982394,91.105468532346,88.82562103715539,89.26782989501953,1629900,0.0,0.0,CEG
2022-12-14 00:00:00-05:00,89.95571711676894,90.69273685855192,88.3244431562267,89.27765655517578,2561600,0.0,0.0,CEG
2022-12-15 00:00:00-05:00,89.2383499620215,89.27765858215803,87.88223630539815,88.1475601196289,2245100,0.0,0.0,CEG
2022-12-16 00:00:00-05:00,86.6243775455927,87.06658633588354,84.44279818580779,86.67350769042969,3911700,0.0,0.0,CEG
2022-12-19 00:00:00-05:00,86.85039907426344,87.1353809256798,85.49428552023068,86.21165466308594,1238100,0.0,0.0,CEG
2022-12-20 00:00:00-05:00,86.47698111576675,86.59490697088054,85.6171247694452,86.04459381103516,1306600,0.0,0.0,CEG
2022-12-21 00:00:00-05:00,86.46714539144517,88.60941619400698,85.20929969037252,88.09841918945312,1409500,0.0,0.0,CEG
2022-12-22 00:00:00-05:00,87.58742351126439,87.82818599289321,85.03242323639617,85.8185806274414,1548300,0.0,0.0,CEG
2022-12-23 00:00:00-05:00,86.00527663728775,86.70299517228173,85.62202701798209,86.51628112792969,600700,0.0,0.0,CEG
2022-12-27 00:00:00-05:00,86.90937212793675,87.37123904181134,85.75961560924907,86.12321472167969,634400,0.0,0.0,CEG
2022-12-28 00:00:00-05:00,86.4278431809796,86.8110928371342,84.92432414570345,85.11103820800781,752000,0.0,0.0,CEG
2022-12-29 00:00:00-05:00,85.65152192215794,86.17234799095488,84.78674731976095,85.26826477050781,870800,0.0,0.0,CEG
2022-12-30 00:00:00-05:00,85.10120618564241,85.10120618564241,83.64682484866341,84.71795654296875,1343300,0.0,0.0,CEG
2023-01-03 00:00:00-05:00,84.51158855704507,84.62951440291549,79.39175949879467,80.49237823486328,4030600,0.0,0.0,CEG
2023-01-04 00:00:00-05:00,80.53169221750824,82.29071367164384,79.88311870499258,81.9664306640625,2612200,0.0,0.0,CEG
2023-01-05 00:00:00-05:00,81.48489448864503,82.46758740094616,80.46781122303636,80.98372650146484,1906300,0.0,0.0,CEG
2023-01-06 00:00:00-05:00,82.17278119113469,83.68612912355805,81.64212613711467,82.05485534667969,1914100,0.0,0.0,CEG
2023-01-09 00:00:00-05:00,82.39880579455763,83.7352688620844,82.133481985827,82.54621124267578,1301500,0.0,0.0,CEG
2023-01-10 00:00:00-05:00,81.95658941905721,82.04502818139264,80.16808863965095,81.64212799072266,1376700,0.0,0.0,CEG
2023-01-11 00:00:00-05:00,81.56352978910725,82.91473284284245,81.01322403546642,82.6543197631836,1696200,0.0,0.0,CEG
2023-01-12 00:00:00-05:00,82.42827984221297,83.33236303111562,81.33749009577724,82.88031768798828,1496700,0.0,0.0,CEG
2023-01-13 00:00:00-05:00,82.35949287198466,84.2217001911176,82.00572281392648,83.6861343383789,1366200,0.0,0.0,CEG
2023-01-17 00:00:00-05:00,82.47742206337044,83.54855381221887,81.56351729260736,81.92711639404297,2763600,0.0,0.0,CEG
2023-01-18 00:00:00-05:00,81.87797037619893,83.04737730133023,80.35479341484894,80.43341064453125,2084900,0.0,0.0,CEG
2023-01-19 00:00:00-05:00,80.18774382747799,80.37445788854396,79.35736707886643,79.4408950805664,1635500,0.0,0.0,CEG
2023-01-20 00:00:00-05:00,79.71604720911807,81.66177486624647,79.05763729735199,81.56350708007812,1795100,0.0,0.0,CEG
2023-01-23 00:00:00-05:00,81.49473443081685,82.83119757031393,81.12917099905648,82.68379211425781,1596200,0.0,0.0,CEG
2023-01-24 00:00:00-05:00,82.54621770805034,82.77224041251489,81.54387407757366,82.45777893066406,1176000,0.0,0.0,CEG
2023-01-25 00:00:00-05:00,81.9762469353589,82.11382335334655,81.06234216023952,81.95659637451172,1535200,0.0,0.0,CEG
2023-01-26 00:00:00-05:00,82.18261738685379,84.58039083717976,81.8386763175086,84.3936767578125,2161100,0.0,0.0,CEG
2023-01-27 00:00:00-05:00,84.3936535221,85.16016019077016,83.37165212789073,85.08154296875,1455100,0.0,0.0,CEG
2023-01-30 00:00:00-05:00,84.43297569494052,85.34688043000341,80.82649440068191,80.9738998413086,3045800,0.0,0.0,CEG
2023-01-31 00:00:00-05:00,81.44559322941623,84.02025159125967,80.95424672888255,83.88267517089844,2509000,0.0,0.0,CEG
2023-02-01 00:00:00-05:00,83.9760354884863,84.3838539995546,81.4406856472524,83.93181610107422,2623400,0.0,0.0,CEG
2023-02-02 00:00:00-05:00,84.00059299656847,85.17982148613123,82.30544173396315,83.85318756103516,2389600,0.0,0.0,CEG
2023-02-03 00:00:00-05:00,82.91961812003143,83.6861248235766,81.6126423568976,81.76004028320312,1807200,0.0,0.0,CEG
2023-02-06 00:00:00-05:00,81.57334227027394,82.39880073326826,81.08199580496243,81.81901550292969,1502000,0.0,0.0,CEG
2023-02-07 00:00:00-05:00,81.88780974993418,84.77692208092766,80.90511674680722,84.44281005859375,2032900,0.0,0.0,CEG
2023-02-08 00:00:00-05:00,83.28322538592941,83.52889861715634,82.68378210194754,82.88031768798828,2005900,0.0,0.0,CEG
2023-02-09 00:00:00-05:00,83.46011411180972,83.98094018552094,82.47742114334257,82.95893859863281,1975000,0.0,0.0,CEG
2023-02-10 00:00:00-05:00,82.75257127592126,85.49428546820455,82.71326265878236,85.30757141113281,1350300,0.0,0.0,CEG
2023-02-13 00:00:00-05:00,85.38619053425302,85.78909824582543,84.45263522294718,84.89484405517578,1173500,0.0,0.0,CEG
2023-02-14 00:00:00-05:00,84.43297260430873,86.08586129091302,83.67630236623913,84.57054901123047,2383100,0.0,0.0,CEG
2023-02-15 00:00:00-05:00,83.03756237080879,84.98820866652667,82.89998594418385,84.52143096923828,2030600,0.0,0.0,CEG
2023-02-16 00:00:00-05:00,83.5289087060901,86.3983705940405,83.4552097267612,84.14800262451172,3037600,0.0,0.0,CEG
2023-02-17 00:00:00-05:00,83.72543723650823,84.5509032219598,80.48255496523672,83.0866928100586,3570700,0.0,0.0,CEG
2023-02-21 00:00:00-05:00,80.19757157228295,81.57334319013952,78.51716754165072,78.97903442382812,5056000,0.0,0.0,CEG
2023-02-22 00:00:00-05:00,77.93736727010251,77.93736727010251,75.0777349849208,76.45350646972656,3341000,0.0,0.0,CEG
2023-02-23 00:00:00-05:00,76.6500588817438,78.07005005728712,76.6500588817438,77.84894561767578,1584900,0.0,0.0,CEG
2023-02-24 00:00:00-05:00,76.6575991012956,78.31442123332155,76.41104823357826,78.17634582519531,1529100,0.282,0.0,CEG
2023-02-27 00:00:00-05:00,78.32428949629865,78.99490825716617,76.91895385583871,77.28878021240234,1326200,0.0,0.0,CEG
2023-02-28 00:00:00-05:00,76.73650140513986,76.91401835803073,73.37355096732631,73.8567886352539,3584800,0.0,0.0,CEG
2023-03-01 00:00:00-05:00,73.10726041245918,74.34987888954821,71.8252004178686,73.32422637939453,2594400,0.0,0.0,CEG
2023-03-02 00:00:00-05:00,73.10726979379339,75.67140516028245,72.97906603512347,75.12899017333984,1949900,0.0,0.0,CEG
2023-03-03 00:00:00-05:00,75.17829826852527,78.10731642713063,74.9514681464098,77.8903579711914,2304600,0.0,0.0,CEG
2023-03-06 00:00:00-05:00,77.27892045398268,77.79174305355981,76.28285263703327,77.71285247802734,2295000,0.0,0.0,CEG
2023-03-07 00:00:00-05:00,77.97912041378049,77.97912041378049,76.25326406812721,76.82526397705078,2203900,0.0,0.0,CEG
2023-03-08 00:00:00-05:00,76.67732745152324,77.36766693982463,76.0362936271656,76.99291229248047,1261600,0.0,0.0,CEG
2023-03-09 00:00:00-05:00,76.96332546009747,79.08366458406846,76.33215579400414,77.55504608154297,3110500,0.0,0.0,CEG
2023-03-10 00:00:00-05:00,78.09746047852072,78.67931695358494,76.17435906748591,76.48008728027344,2895700,0.0,0.0,CEG
2023-03-13 00:00:00-04:00,75.86863261767613,77.52052642585475,75.43470068675833,76.03628540039062,2242400,0.0,0.0,CEG
2023-03-14 00:00:00-04:00,76.43077531115016,78.00869949016607,76.10532633306488,76.85484313964844,2142800,0.0,0.0,CEG
2023-03-15 00:00:00-04:00,76.22366588812976,76.80552231460005,75.29663223333544,76.26311492919922,1957000,0.0,0.0,CEG
2023-03-16 00:00:00-04:00,75.56292011599449,77.94953094561919,74.98105609811468,77.34794616699219,1962900,0.0,0.0,CEG
2023-03-17 00:00:00-04:00,76.64773614415473,77.37752461711652,74.93667249382698,75.7108383178711,3896500,0.0,0.0,CEG
2023-03-20 00:00:00-04:00,75.99685291834659,77.34795466410722,75.84892838615198,75.93768310546875,1629500,0.0,0.0,CEG
2023-03-21 00:00:00-04:00,76.50967534207204,77.03236203424309,74.92188698049421,75.46429443359375,2045700,0.0,0.0,CEG
2023-03-22 00:00:00-04:00,75.21773979304098,75.2769171211515,73.37354401056152,73.39326477050781,1863400,0.0,0.0,CEG
2023-03-23 00:00:00-04:00,73.63982735917823,74.09348015141887,71.76603885269762,72.3873519897461,1655400,0.0,0.0,CEG
2023-03-24 00:00:00-04:00,71.55893196203267,72.505686530401,70.17825291908085,72.42679595947266,2777200,0.0,0.0,CEG
2023-03-27 00:00:00-04:00,72.42678266827816,74.38439708852599,72.42678266827816,74.23152923583984,3225500,0.0,0.0,CEG
2023-03-28 00:00:00-04:00,74.03429923707782,75.75029128505795,73.82127590222849,74.46823120117188,1752200,0.0,0.0,CEG
2023-03-29 00:00:00-04:00,75.23746931827765,75.50374096469223,74.38440535898111,74.83312225341797,2299500,0.0,0.0,CEG
2023-03-30 00:00:00-04:00,75.63195859064683,76.37161131117352,74.95147568003857,75.76016235351562,1737800,0.0,0.0,CEG
2023-03-31 00:00:00-04:00,75.76015470111831,77.5155957766592,75.67139999520562,77.41697692871094,2984400,0.0,0.0,CEG
2023-04-03 00:00:00-04:00,76.92388559015336,77.4663006135848,75.42485933542699,75.56292724609375,1894900,0.0,0.0,CEG
2023-04-04 00:00:00-04:00,75.61222522580972,75.90808930380223,74.0836142205446,74.97119140625,1316200,0.0,0.0,CEG
2023-04-05 00:00:00-04:00,74.83312353196027,76.05602136550065,74.63588582933043,75.44457244873047,1204800,0.0,0.0,CEG
2023-04-06 00:00:00-04:00,75.55305414122746,75.91795216135799,75.10926555588532,75.89822387695312,1223000,0.0,0.0,CEG
2023-04-10 00:00:00-04:00,75.47414915608041,76.30256397026868,74.81339464747118,76.26311492919922,1485500,0.0,0.0,CEG
2023-04-11 00:00:00-04:00,76.68719608002914,76.73650174685719,76.11026786159884,76.35188293457031,1371500,0.0,0.0,CEG
2023-04-12 00:00:00-04:00,76.85484830804558,76.87456906979997,75.60237302288748,75.75029754638672,1171100,0.0,0.0,CEG
2023-04-13 00:00:00-04:00,75.63195602132099,76.51953323649151,75.11912593899424,76.07574462890625,1324700,0.0,0.0,CEG
2023-04-14 00:00:00-04:00,75.2670586887382,75.57771523144294,74.45837203514972,75.37554168701172,1328400,0.0,0.0,CEG
2023-04-17 00:00:00-04:00,75.5234693289632,75.76508438219179,73.62996032717568,74.00471496582031,1093300,0.0,0.0,CEG
2023-04-18 00:00:00-04:00,74.30057414088401,74.90215892690047,73.14671775752898,73.45244598388672,1235200,0.0,0.0,CEG
2023-04-19 00:00:00-04:00,73.93567782756016,74.35974563483731,73.47511796256057,73.71871185302734,1039300,0.0,0.0,CEG
2023-04-20 00:00:00-04:00,73.7088502275952,75.51360450558298,73.6595445652408,75.41498565673828,1926900,0.0,0.0,CEG
2023-04-21 00:00:00-04:00,75.76015286099242,75.90314905842382,74.9120172457931,75.49388122558594,1178900,0.0,0.0,CEG
2023-04-24 00:00:00-04:00,75.37552778588602,76.26804067824126,74.55697714046933,76.22366333007812,1094300,0.0,0.0,CEG
2023-04-25 00:00:00-04:00,75.58263716130085,76.07573892123844,74.79367133574644,75.86863708496094,1722400,0.0,0.0,CEG
2023-04-26 00:00:00-04:00,75.4544340668607,75.90808678704174,74.41891735235593,74.81340026855469,3100600,0.0,0.0,CEG
2023-04-27 00:00:00-04:00,75.21773535672253,76.17435392661699,74.93174297162194,75.69111633300781,1865700,0.0,0.0,CEG
2023-04-28 00:00:00-04:00,75.83905156439852,76.40118726517503,75.24733096212886,76.3321533203125,2233400,0.0,0.0,CEG
2023-05-01 00:00:00-04:00,76.45048591128933,76.57869717150932,75.70097672845174,75.98697662353516,1788300,0.0,0.0,CEG
2023-05-02 00:00:00-04:00,75.67139812964584,76.33215267115875,74.90215307668797,75.7305679321289,2554000,0.0,0.0,CEG
2023-05-03 00:00:00-04:00,76.13490490462341,76.52938779760737,75.09939577519283,75.45442962646484,1607000,0.0,0.0,CEG
2023-05-04 00:00:00-04:00,75.91794895795232,79.26117823059224,73.87650800807366,77.50572967529297,3830400,0.0,0.0,CEG
2023-05-05 00:00:00-04:00,78.02842008389855,79.34006496096816,77.20000526898251,78.393310546875,2359300,0.0,0.0,CEG
2023-05-08 00:00:00-04:00,78.6398729770503,78.74835597500854,77.00277891318883,77.62408447265625,2360100,0.0,0.0,CEG
2023-05-09 00:00:00-04:00,76.90415247219798,78.00869558007727,76.73649215835006,77.86076354980469,3158300,0.0,0.0,CEG
2023-05-10 00:00:00-04:00,78.74834987672168,79.0146290416844,77.65859919635403,78.35880279541016,1629400,0.0,0.0,CEG
2023-05-11 00:00:00-04:00,77.77191061589191,78.73193665910863,77.4354031389692,78.30635833740234,2497400,0.282,0.0,CEG
2023-05-12 00:00:00-04:00,78.63293592851267,79.56327141733458,78.04900709254765,79.02882385253906,1991000,0.0,0.0,CEG
2023-05-15 00:00:00-04:00,79.80081749245953,80.25608605548983,78.36573196879739,79.44451904296875,2048300,0.0,0.0,CEG
2023-05-16 00:00:00-04:00,79.36534867975035,79.36534867975035,77.52447584659433,78.18758392333984,3709100,0.0,0.0,CEG
2023-05-17 00:00:00-04:00,78.27665172925252,79.80081560469971,77.90056228632481,79.56328582763672,2329500,0.0,0.0,CEG
2023-05-18 00:00:00-04:00,79.44452768493701,80.63219182941216,78.7438083315057,80.56291198730469,2849300,0.0,0.0,CEG
2023-05-19 00:00:00-04:00,80.88950588405243,82.37902600133636,80.69155811952183,81.45364379882812,2407100,0.0,0.0,CEG
2023-05-22 00:00:00-04:00,81.87922914573423,83.09657591156153,81.46354257968353,82.6709976196289,1908300,0.0,0.0,CEG
2023-05-23 00:00:00-04:00,82.50275097898555,83.69040751295243,82.30975660344252,83.1757583618164,2232200,0.0,0.0,CEG
2023-05-24 00:00:00-04:00,83.17575854869438,83.50236673909671,81.70108337966938,82.45326232910156,2430300,0.0,0.0,CEG
2023-05-25 00:00:00-04:00,82.34439428419499,82.34439428419499,81.05776760687283,81.8990249633789,1863100,0.0,0.0,CEG
2023-05-26 00:00:00-04:00,82.09695533059204,83.08667152529928,81.46353757005423,82.98770141601562,2267100,0.0,0.0,CEG
2023-05-30 00:00:00-04:00,82.99759924066458,84.17041049458186,82.28005652223813,82.83924102783203,2198200,0.0,0.0,CEG
2023-05-31 00:00:00-04:00,82.67100121097315,83.68051606403353,81.60210579629842,83.15596008300781,5214700,0.0,0.0,CEG
2023-06-01 00:00:00-04:00,84.00216224841904,88.2450781234888,83.91803727775819,87.96597290039062,3646900,0.0,0.0,CEG
2023-06-02 00:00:00-04:00,87.74824008826553,88.13422879414885,86.37252765206716,86.63975524902344,3225600,0.0,0.0,CEG
2023-06-05 00:00:00-04:00,86.91687888945427,87.8966958414594,86.28346110725543,86.61006927490234,1819000,0.0,0.0,CEG
2023-06-06 00:00:00-04:00,86.24387709626636,88.96559689975429,86.24387709626636,88.62909698486328,2311500,0.0,0.0,CEG
2023-06-07 00:00:00-04:00,88.62909965080499,89.94541662028405,88.21341305687531,89.87613677978516,2452100,0.0,0.0,CEG
2023-06-08 00:00:00-04:00,90.54913950531537,91.517086427948,90.12356120681471,91.35081481933594,3075700,0.0,0.0,CEG
2023-06-09 00:00:00-04:00,91.35081049392588,92.80568700039376,91.14296344206636,92.33062744140624,2530100,0.0,0.0,CEG
2023-06-12 00:00:00-04:00,92.04360913085938,93.05311636020554,91.92484046525696,92.78589630126952,1720700,0.0,0.0,CEG
2023-06-13 00:00:00-04:00,92.99373547835287,94.3496494232405,92.62753775722496,93.28075408935548,2429900,0.0,0.0,CEG
2023-06-14 00:00:00-04:00,93.55787872465918,94.0230465843314,91.8159759578874,92.2415542602539,2573200,0.0,0.0,CEG
2023-06-15 00:00:00-04:00,92.7561991639192,92.78588944039052,92.00401277259397,92.49887084960938,3712300,0.0,0.0,CEG
2023-06-16 00:00:00-04:00,92.62752879904092,93.54796510015775,91.78627160039184,91.93473052978516,4963400,0.0,0.0,CEG
2023-06-20 00:00:00-04:00,92.17227467630312,92.39991274370333,90.9450286001931,91.04399871826172,1846900,0.0,0.0,CEG
2023-06-21 00:00:00-04:00,89.94540247417027,90.09881482273084,88.26783387434479,89.5693130493164,2684900,0.0,0.0,CEG
2023-06-22 00:00:00-04:00,89.56931379729626,89.75240887328982,86.96140956307998,88.33216857910156,3205600,0.0,0.0,CEG
2023-06-23 00:00:00-04:00,88.71815874962529,89.76725549569683,88.20350965276056,89.43075561523438,2875900,0.0,0.0,CEG
2023-06-26 00:00:00-04:00,89.3218857266003,90.26211308229568,88.76764707911126,89.6979751586914,1890400,0.0,0.0,CEG
2023-06-27 00:00:00-04:00,90.03449438414545,90.07902980609596,89.05467734655275,89.91572570800781,1472800,0.0,0.0,CEG
2023-06-28 00:00:00-04:00,89.96519643257439,89.96519643257439,88.78743183852345,89.6187973022461,1605400,0.0,0.0,CEG
2023-06-29 00:00:00-04:00,89.57922551043323,90.40563772481369,89.21302775666825,89.9355239868164,1738700,0.0,0.0,CEG
2023-06-30 00:00:00-04:00,91.10337860441238,91.34090837651844,90.10376313501874,90.6085205078125,2666400,0.0,0.0,CEG
2023-07-03 00:00:00-04:00,90.07406823179528,90.79655678720532,89.40106095294298,90.65799713134766,1089100,0.0,0.0,CEG
2023-07-05 00:00:00-04:00,90.47986216363552,92.25145524341652,90.41058232480324,91.19245910644533,2087300,0.0,0.0,CEG
2023-07-06 00:00:00-04:00,90.5293463109839,90.5293463109839,88.92600327268867,90.06417846679688,2263300,0.0,0.0,CEG
2023-07-07 00:00:00-04:00,90.06417704873006,90.76687466684412,89.72767715453554,90.39078521728516,1334000,0.0,0.0,CEG
2023-07-10 00:00:00-04:00,90.44026471476889,92.66712619128988,90.44026471476889,92.63743591308594,1539300,0.0,0.0,CEG
2023-07-11 00:00:00-04:00,92.87496887302296,93.45890538447873,91.90505118075068,93.3896255493164,1260900,0.0,0.0,CEG
2023-07-12 00:00:00-04:00,93.96366615235516,95.17112122355516,93.112509546458,95.0721435546875,1532600,0.0,0.0,CEG
2023-07-13 00:00:00-04:00,94.86428985501504,95.08202861246396,93.90426399768188,94.29025268554688,1462400,0.0,0.0,CEG
2023-07-14 00:00:00-04:00,93.91417138335834,94.55254257290969,93.72513371296472,94.02304077148438,1259900,0.0,0.0,CEG
2023-07-17 00:00:00-04:00,93.4984964381917,95.92329825865151,93.4984964381917,95.19091033935548,1951400,0.0,0.0,CEG
2023-07-18 00:00:00-04:00,95.01275493612692,95.65607197452736,92.9244531558518,94.38923645019533,1925300,0.0,0.0,CEG
2023-07-19 00:00:00-04:00,93.85478370279844,94.55748125858972,92.964037663438,93.7558135986328,1785300,0.0,0.0,CEG
2023-07-20 00:00:00-04:00,94.5179030921214,96.3191863882794,94.26057474954575,95.89360809326172,1600300,0.0,0.0,CEG
2023-07-21 00:00:00-04:00,96.57650783221963,97.14064575964932,95.31956403979557,95.60658264160156,5081100,0.0,0.0,CEG
2023-07-24 00:00:00-04:00,95.60657966617312,95.8144191539226,94.77522171517536,95.55709838867188,1077800,0.0,0.0,CEG
2023-07-25 00:00:00-04:00,94.96327373819057,97.15055335473308,94.91379245491233,96.51712799072266,854800,0.0,0.0,CEG
2023-07-26 00:00:00-04:00,95.67587351543798,97.22972781425324,95.67587351543798,96.33898162841795,1243000,0.0,0.0,CEG
2023-07-27 00:00:00-04:00,96.72496251130646,96.74475351186426,94.22097431291988,94.43871307373048,897900,0.0,0.0,CEG
2023-07-28 00:00:00-04:00,95.27008880997307,95.66597682211624,94.28037255508308,94.75543212890624,1135900,0.0,0.0,CEG
2023-07-31 00:00:00-04:00,94.85439924815014,95.6956640789832,94.41892924438956,95.65607452392578,1170200,0.0,0.0,CEG
2023-08-01 00:00:00-04:00,95.25028139022716,96.09153861839026,95.08203145478156,95.3096694946289,1469600,0.0,0.0,CEG
2023-08-02 00:00:00-04:00,95.00286045603345,95.03750414913516,93.45890552667538,94.56739044189452,2040300,0.0,0.0,CEG
2023-08-03 00:00:00-04:00,94.98306817498332,102.50886673265882,94.7752286719778,100.0998992919922,3511000,0.0,0.0,CEG
2023-08-04 00:00:00-04:00,100.87187796367058,103.62824133278092,100.7432175700484,102.87110900878906,2723600,0.0,0.0,CEG
2023-08-07 00:00:00-04:00,103.50452598214645,103.57380581676892,101.71808787052105,102.6830596923828,1759800,0.0,0.0,CEG
2023-08-08 00:00:00-04:00,101.90117385033824,103.85091587307804,101.90117385033824,103.73214721679688,1207300,0.0,0.0,CEG
2023-08-09 00:00:00-04:00,103.54410918058116,104.81094467929132,103.2353136859828,104.02906799316406,1646700,0.0,0.0,CEG
2023-08-10 00:00:00-04:00,104.88023393715498,105.75118153307233,104.0290773441498,104.63280487060548,1563700,0.0,0.0,CEG
2023-08-11 00:00:00-04:00,104.63478902595726,105.90203738708288,104.18822099720651,105.74623107910156,1414100,0.282,0.0,CEG
2023-08-14 00:00:00-04:00,105.64698429699882,106.77827772788842,104.90568735871776,106.182861328125,2404000,0.0,0.0,CEG
2023-08-15 00:00:00-04:00,105.5775287968146,105.77103933364872,104.8134124021988,105.42867279052734,1709600,0.0,0.0,CEG
2023-08-16 00:00:00-04:00,105.5874538241579,105.63706744515882,104.1981437269063,104.29737854003906,1835200,0.0,0.0,CEG
2023-08-17 00:00:00-04:00,104.67447937305526,105.3343942744322,103.77142517768762,104.01951599121094,1800600,0.0,0.0,CEG
2023-08-18 00:00:00-04:00,103.73173696092708,104.73402603725856,103.7118930257612,103.96990203857422,1660800,0.0,0.0,CEG
2023-08-21 00:00:00-04:00,103.80118917749562,105.64301806236983,103.48363325642735,105.2996597290039,1377000,0.0,0.0,CEG
2023-08-22 00:00:00-04:00,104.85310802006818,105.73134407350598,104.70425201352803,105.44852447509766,1276900,0.0,0.0,CEG
2023-08-23 00:00:00-04:00,106.13325821470244,108.425622722321,106.13325821470244,107.61188507080078,1393500,0.0,0.0,CEG
2023-08-24 00:00:00-04:00,108.06836005553043,109.4080489364444,106.0240866005032,106.10347747802734,1498700,0.0,0.0,CEG
2023-08-25 00:00:00-04:00,106.00425031112027,106.61951829960586,104.76379615209149,105.06150817871094,1383800,0.0,0.0,CEG
2023-08-28 00:00:00-04:00,105.49318013187644,106.53019795566227,104.42639262069096,104.56532287597656,1088000,0.0,0.0,CEG
2023-08-29 00:00:00-04:00,104.42639384627029,105.3592102039742,103.9996773225618,104.73402404785156,1131500,0.0,0.0,CEG
2023-08-30 00:00:00-04:00,104.53554067525889,105.4564551604214,104.2874498638164,104.93248748779295,1167400,0.0,0.0,CEG
2023-08-31 00:00:00-04:00,105.14088659876498,105.27981685242143,102.97753434323135,103.36456298828124,2035500,0.0,0.0,CEG
2023-09-01 00:00:00-04:00,104.82333066769564,106.58974366798414,104.3966141539338,106.4706573486328,1338800,0.0,0.0,CEG
2023-09-05 00:00:00-04:00,105.7363015319398,105.9149272100138,104.34798336178632,105.24011993408205,1433200,0.0,0.0,CEG
2023-09-06 00:00:00-04:00,105.51798474866192,106.96683416534135,105.18057731128144,105.82561492919922,1337800,0.0,0.0,CEG
2023-09-07 00:00:00-04:00,107.03629805085548,110.10766344351568,106.3614907550313,107.71110534667967,1951100,0.0,0.0,CEG
2023-09-08 00:00:00-04:00,107.40347589335688,108.82255561746926,107.40347589335688,107.81034088134766,1428100,0.0,0.0,CEG
2023-09-11 00:00:00-04:00,107.96912488988578,109.55392912511128,107.8202688877992,109.1401138305664,1820700,0.0,0.0,CEG
2023-09-12 00:00:00-04:00,108.70346826654033,109.2542301576975,107.3240839933954,107.6714096069336,1557100,0.0,0.0,CEG
2023-09-13 00:00:00-04:00,107.94927573187869,109.24926919802716,107.6813409792024,108.43553161621094,1894600,0.0,0.0,CEG
2023-09-14 00:00:00-04:00,108.92179557715792,111.759955159595,108.68858960100049,111.6011734008789,2308300,0.0,0.0,CEG
2023-09-15 00:00:00-04:00,111.60117005673575,111.81949118286288,108.9614877517922,109.09049224853516,4287700,0.0,0.0,CEG
2023-09-18 00:00:00-04:00,109.58667979654942,111.39278070423155,109.56683586179736,109.8943099975586,1358500,0.0,0.0,CEG
2023-09-19 00:00:00-04:00,110.24163419476083,110.52942045724728,109.45767385866291,109.69583892822266,1972100,0.0,0.0,CEG
2023-09-20 00:00:00-04:00,110.08286464073495,110.33095547355268,109.07065737413636,109.28897094726562,924500,0.0,0.0,CEG
2023-09-21 00:00:00-04:00,108.79278794293698,109.79507701510433,108.6737091901738,109.10042572021484,1443800,0.0,0.0,CEG
2023-09-22 00:00:00-04:00,108.624083450058,109.89430723391732,107.78553526916296,109.5172119140625,1210500,0.0,0.0,CEG
2023-09-25 00:00:00-04:00,108.8820908863099,112.0576500795108,108.65881068182598,111.3530731201172,2115200,0.0,0.0,CEG
2023-09-26 00:00:00-04:00,110.80728093039602,110.8618536392851,107.10576278345263,107.66148376464844,2309700,0.0,0.0,CEG
2023-09-27 00:00:00-04:00,108.14775612431056,110.4401129321584,108.14775612431056,109.90423583984376,2819500,0.0,0.0,CEG
2023-09-28 00:00:00-04:00,109.92406919163912,110.1324721278623,108.00384880739642,108.48514556884766,1550700,0.0,0.0,CEG
2023-09-29 00:00:00-04:00,109.1996619082718,109.86454352331424,107.81035172992677,108.24699401855467,2867500,0.0,0.0,CEG
2023-10-02 00:00:00-04:00,107.47295068095865,107.47295068095865,101.97525697468618,103.93021392822266,2892500,0.0,0.0,CEG
2023-10-03 00:00:00-04:00,102.4218110504912,104.11875131480636,101.6229583241694,104.08898162841795,2557000,0.0,0.0,CEG
2023-10-04 00:00:00-04:00,103.8408850019776,105.78591597217886,103.42905336401552,105.34928131103516,1973900,0.0,0.0,CEG
2023-10-05 00:00:00-04:00,106.1630238460101,107.67141265513474,105.79584671780027,107.05614471435548,1589200,0.0,0.0,CEG
2023-10-06 00:00:00-04:00,105.73630888483856,109.73553163029702,104.32714729487044,109.3286590576172,2095800,0.0,0.0,CEG
2023-10-09 00:00:00-04:00,109.32865274348536,110.63559642016564,109.13018313045517,110.52941131591795,1258400,0.0,0.0,CEG
2023-10-10 00:00:00-04:00,110.11262488330094,112.62330268465747,110.11262488330094,112.13704681396484,1464400,0.0,0.0,CEG
2023-10-11 00:00:00-04:00,113.04010852754396,114.2984229663665,112.4446844833153,114.19124603271484,1353300,0.0,0.0,CEG
2023-10-12 00:00:00-04:00,114.03246140677616,115.27291543354312,113.58589341446172,114.83627319335938,1299700,0.0,0.0,CEG
2023-10-13 00:00:00-04:00,115.87825815527262,116.49352612128122,112.12712612678688,112.82178497314452,1699400,0.0,0.0,CEG
2023-10-16 00:00:00-04:00,113.89353164669704,116.22559143888364,113.73475745702773,115.93780517578124,1701700,0.0,0.0,CEG
2023-10-17 00:00:00-04:00,115.16375777810036,117.08893732782984,114.82635033732195,116.25535583496094,1214600,0.0,0.0,CEG
2023-10-18 00:00:00-04:00,116.43398118622092,117.73893370315874,114.92558481614734,115.18360137939452,1050700,0.0,0.0,CEG
2023-10-19 00:00:00-04:00,115.11413845151397,115.7194806473374,113.23857249105475,113.41719818115234,981000,0.0,0.0,CEG
2023-10-20 00:00:00-04:00,113.23857940124118,113.91338676377424,111.06530130095524,111.24392700195312,1654400,0.0,0.0,CEG
2023-10-23 00:00:00-04:00,110.97598471459716,112.16681759311996,109.55591313780546,111.25384521484376,950800,0.0,0.0,CEG
2023-10-24 00:00:00-04:00,112.39506505424448,114.41948701510252,112.39506505424448,113.39734649658205,1930900,0.0,0.0,CEG
2023-10-25 00:00:00-04:00,113.35766520821464,113.39735307836077,110.81720996438092,111.1744613647461,1575000,0.0,0.0,CEG
2023-10-26 00:00:00-04:00,111.14468911029836,112.16682209341388,110.29125607036808,111.85919189453124,1652700,0.0,0.0,CEG
2023-10-27 00:00:00-04:00,112.1370534862022,112.49430488176024,109.05377845592942,109.93400573730467,1128700,0.0,0.0,CEG
2023-10-30 00:00:00-04:00,111.005753528323,112.36529390370664,110.6534612439812,112.16681671142578,1271600,0.0,0.0,CEG
2023-10-31 00:00:00-04:00,112.25614016821956,112.64316125279264,110.3210271742228,112.0576629638672,1942000,0.0,0.0,CEG
2023-11-01 00:00:00-04:00,112.72253585752372,114.49886695084751,111.9683452526266,113.97291564941406,2751300,0.0,0.0,CEG
2023-11-02 00:00:00-04:00,114.03246457833612,116.99962857297125,113.50650569660893,116.29505157470705,1894600,0.0,0.0,CEG
2023-11-03 00:00:00-04:00,117.74390782614744,117.763751760979,115.95765084606028,116.17597198486328,1853200,0.0,0.0,CEG
2023-11-06 00:00:00-05:00,118.0813028539432,124.66464342297812,117.15840471408907,123.77747344970705,2530800,0.0,0.0,CEG
2023-11-07 00:00:00-05:00,123.4896818386278,124.0196004076105,117.75382362358869,118.95458221435548,2271500,0.0,0.0,CEG
2023-11-08 00:00:00-05:00,119.5003870365078,120.55229728523236,118.05649661470324,120.25458526611328,1730200,0.0,0.0,CEG
2023-11-09 00:00:00-05:00,120.66144621079316,123.40533761427332,119.59961781609682,119.70877838134766,1603200,0.0,0.0,CEG
2023-11-10 00:00:00-05:00,120.52250907742427,121.78777368703938,120.44907668306192,120.8400650024414,1219700,0.0,0.0,CEG
2023-11-13 00:00:00-05:00,120.45304362164808,121.30250931500196,119.98663927301727,120.79045104980467,891600,0.0,0.0,CEG
2023-11-14 00:00:00-05:00,123.10267147740171,125.74235394165656,122.43778230648756,125.55380249023438,1433300,0.0,0.0,CEG
2023-11-15 00:00:00-05:00,125.61335473120452,126.268310605587,120.76069855264704,121.05840301513672,1982200,0.0,0.0,CEG
2023-11-16 00:00:00-05:00,122.34349476063063,123.16906650590668,120.86144967250512,121.02059173583984,1474500,0.282,0.0,CEG
2023-11-17 00:00:00-05:00,121.54776163787056,122.8607159118098,120.95096562038418,121.04048919677734,1487900,0.0,0.0,CEG
2023-11-20 00:00:00-05:00,121.79643304582696,122.1942996058852,120.83161669267804,121.6273422241211,1041600,0.0,0.0,CEG
2023-11-21 00:00:00-05:00,122.24403505543398,122.522539369241,121.19963628998428,121.85611724853516,984700,0.0,0.0,CEG
2023-11-22 00:00:00-05:00,122.24403270038552,123.17901036605753,121.32396677765868,122.5921630859375,1376700,0.0,0.0,CEG
2023-11-24 00:00:00-05:00,122.41312918833144,123.6365675584278,122.39323927480994,123.19891357421876,532500,0.0,0.0,CEG
2023-11-27 00:00:00-05:00,123.26853570860344,124.71079343596256,122.71152708374862,124.43228912353516,1073200,0.0,0.0,CEG
2023-11-28 00:00:00-05:00,124.3129288688897,125.82481260624904,123.09943934340065,123.78575134277344,2003000,0.0,0.0,CEG
2023-11-29 00:00:00-05:00,122.89056572513648,123.27848352718036,119.12079360774668,119.93641662597656,2078800,0.0,0.0,CEG
2023-11-30 00:00:00-05:00,119.94635633324516,121.2095820537478,119.87175967555427,120.39395904541016,2650000,0.0,0.0,CEG
2023-12-01 00:00:00-05:00,119.97620624379876,120.29449797410857,119.01138230198276,119.24015045166016,1454900,0.0,0.0,CEG
2023-12-04 00:00:00-05:00,118.3648455175895,118.91191296511484,117.4199191140528,118.28527069091795,1946900,0.0,0.0,CEG
2023-12-05 00:00:00-05:00,118.07142380219256,118.30517011642188,115.26647562011404,117.67852783203124,1805900,0.0,0.0,CEG
2023-12-06 00:00:00-05:00,118.70302384188608,119.03126430125933,111.62103141617256,112.02883911132812,2629800,0.0,0.0,CEG
2023-12-07 00:00:00-05:00,112.6554802634687,112.83451982240106,108.86581086417928,109.94004821777344,3497000,0.0,0.0,CEG
2023-12-08 00:00:00-05:00,109.40293499931438,111.01429111009948,109.06475336483228,110.61642456054688,2627300,0.0,0.0,CEG
2023-12-11 00:00:00-05:00,110.95461347885238,115.67926071870956,110.07930555450692,115.53005981445312,2582900,0.0,0.0,CEG
2023-12-12 00:00:00-05:00,115.54000611483612,115.77872300338014,113.24233045082848,113.87891387939452,1846200,0.0,0.0,CEG
2023-12-13 00:00:00-05:00,113.97838015903253,116.12685495101049,112.92404026408398,115.80856323242188,1731100,0.0,0.0,CEG
2023-12-14 00:00:00-05:00,116.01744408556988,117.18119749654495,114.75422593316227,114.98299407958984,2456400,0.0,0.0,CEG
2023-12-15 00:00:00-05:00,115.05261787701204,120.22486780439355,114.99294055107,118.11618041992188,5714900,0.0,0.0,CEG
2023-12-18 00:00:00-05:00,118.93180150490592,120.8912879542082,118.27532816412474,118.7229232788086,2019800,0.0,0.0,CEG
2023-12-19 00:00:00-05:00,119.13073402578162,120.40390850435784,118.61848340349523,120.1651840209961,1012700,0.0,0.0,CEG
2023-12-20 00:00:00-05:00,119.19041562708831,119.48383925913828,116.37551877893176,116.38546752929688,1324300,0.0,0.0,CEG
2023-12-21 00:00:00-05:00,116.86290481706298,117.79789007398024,116.18653395669855,117.67852783203124,904600,0.0,0.0,CEG
2023-12-22 00:00:00-05:00,114.38619891305773,117.35029679782107,113.41142622678232,114.71443939208984,1188400,0.0,0.0,CEG
2023-12-26 00:00:00-05:00,114.97304670060376,117.21103755856836,114.97304670060376,116.9424819946289,740700,0.0,0.0,CEG
2023-12-27 00:00:00-05:00,116.65402177691708,117.13146313636062,116.25615524215962,116.79327392578124,541300,0.0,0.0,CEG
2023-12-28 00:00:00-05:00,118.07639824317457,118.1460243227526,116.32578991406062,116.48493957519533,559700,0.0,0.0,CEG
2023-12-29 00:00:00-05:00,116.10696358888488,116.6440746914996,115.3112305080126,116.26610565185548,849900,0.0,0.0,CEG
2024-01-02 00:00:00-05:00,115.77872831643148,116.6043000968447,114.35636049293493,114.6348648071289,1362800,0.0,0.0,CEG
2024-01-03 00:00:00-05:00,114.88352854858884,116.54063677918238,114.88352854858884,115.23165893554688,1372400,0.0,0.0,CEG
2024-01-04 00:00:00-05:00,115.58973964497434,116.48394338502068,114.38619881159748,114.74427795410156,1348900,0.0,0.0,CEG
2024-01-05 00:00:00-05:00,114.49560952356164,117.03399035562715,114.49560952356164,115.61957550048828,1729900,0.0,0.0,CEG
2024-01-08 00:00:00-05:00,115.56984445890129,116.53466834947774,114.41603225488365,116.40535736083984,1351700,0.0,0.0,CEG
2024-01-09 00:00:00-05:00,115.81851940739726,116.30590197270708,114.5552936139118,115.86824798583984,1514000,0.0,0.0,CEG
2024-01-10 00:00:00-05:00,115.40074975368744,115.8085650560335,114.35138042313828,115.23165893554688,1090500,0.0,0.0,CEG
2024-01-11 00:00:00-05:00,114.38619120852688,114.67464425351956,110.88498243402977,112.3073501586914,1609300,0.0,0.0,CEG
2024-01-12 00:00:00-05:00,113.33185135271924,113.8092851185415,112.13825176081784,112.3073501586914,1556900,0.0,0.0,CEG
2024-01-16 00:00:00-05:00,111.77023488428368,112.2327493333006,110.70594624591526,111.21321868896484,1417000,0.0,0.0,CEG
2024-01-17 00:00:00-05:00,110.63631224783389,111.40219902712948,108.85586547774174,111.32262420654295,1484500,0.0,0.0,CEG
2024-01-18 00:00:00-05:00,110.77557360934448,111.3027435594293,109.66154879443108,110.81536102294922,1614900,0.0,0.0,CEG
2024-01-19 00:00:00-05:00,110.85513891660256,113.99827623856042,110.85513891660256,113.83912658691406,1684200,0.0,0.0,CEG
2024-01-22 00:00:00-05:00,113.84907435479168,116.74851659339625,113.7197709554497,116.58439636230467,1876700,0.0,0.0,CEG
2024-01-23 00:00:00-05:00,117.1016281358271,119.91651745188892,116.5346707723887,118.05650329589844,1929400,0.0,0.0,CEG
2024-01-24 00:00:00-05:00,118.5041003346717,118.88206938685096,114.72437945818584,115.05261993408205,1514600,0.0,0.0,CEG
2024-01-25 00:00:00-05:00,117.27072068703887,119.9463578894673,116.4153102539433,119.90657806396484,1425800,0.0,0.0,CEG
2024-01-26 00:00:00-05:00,119.42913439273464,121.75664875101508,119.42913439273464,120.62272644042967,1558800,0.0,0.0,CEG
2024-01-29 00:00:00-05:00,120.44368772211112,121.09220814682716,119.36447973746186,120.36412048339844,1801500,0.0,0.0,CEG
2024-01-30 00:00:00-05:00,120.68240944804714,121.65717450090594,120.0557671825363,121.2294692993164,1285500,0.0,0.0,CEG
2024-01-31 00:00:00-05:00,122.12467443023344,123.51720360639938,120.71722592196387,121.34883880615234,1666100,0.0,0.0,CEG
2024-02-01 00:00:00-05:00,121.34882892109071,127.01840231882008,121.34882892109071,126.9487762451172,1937400,0.0,0.0,CEG
2024-02-02 00:00:00-05:00,126.33209152125872,132.35975168307093,125.75518542590486,129.01768493652344,3781700,0.0,0.0,CEG
2024-02-05 00:00:00-05:00,127.21734126441204,127.73456244977646,125.1782800078272,126.35198211669922,1878000,0.0,0.0,CEG
2024-02-06 00:00:00-05:00,127.07808441141292,130.79314190494668,126.51112708421974,130.31072998046875,2656900,0.0,0.0,CEG
2024-02-07 00:00:00-05:00,131.2556745546536,133.08584997311658,130.11180353510494,131.79278564453125,2087600,0.0,0.0,CEG
2024-02-08 00:00:00-05:00,131.8425428977717,133.2549620995338,129.4752408333833,130.02230834960938,1228700,0.0,0.0,CEG
2024-02-09 00:00:00-05:00,129.326035317,131.80273547396172,129.3061378153713,131.4645538330078,1245300,0.0,0.0,CEG
2024-02-12 00:00:00-05:00,131.11642727693106,131.48444757112068,127.27702156054224,127.82408142089844,1206900,0.0,0.0,CEG
2024-02-13 00:00:00-05:00,127.227294921875,128.12248517766125,126.0535927677332,127.227294921875,1503700,0.0,0.0,CEG
2024-02-14 00:00:00-05:00,127.61521029802206,128.7441468469833,127.00846552545543,127.98323059082033,1372300,0.0,0.0,CEG
2024-02-15 00:00:00-05:00,129.22657263511084,130.9174961434826,128.14239396427018,130.7981414794922,1348900,0.0,0.0,CEG
2024-02-16 00:00:00-05:00,130.55940282881136,131.95193952633386,129.79352358138755,130.45994567871094,1295700,0.0,0.0,CEG
2024-02-20 00:00:00-05:00,130.30079402429712,131.35513389871377,128.6993867120192,131.09652709960938,2121200,0.0,0.0,CEG
2024-02-21 00:00:00-05:00,131.5839032451744,131.8733504140845,129.44538481437507,130.6986541748047,983400,0.0,0.0,CEG
2024-02-22 00:00:00-05:00,131.6933181430405,133.34446165112632,130.94732121584653,132.67803955078125,1529900,0.0,0.0,CEG
2024-02-23 00:00:00-05:00,132.77751003071947,133.43397578273044,130.6489327685114,133.27484130859375,2052200,0.0,0.0,CEG
2024-02-26 00:00:00-05:00,133.9611558510504,134.47838466880097,132.2204962468901,132.5089569091797,1494700,0.0,0.0,CEG
2024-02-27 00:00:00-05:00,134.2794586186152,155.8337965622623,134.2794586186152,154.92864990234375,4888300,0.0,0.0,CEG
2024-02-28 00:00:00-05:00,157.63410961826273,170.06739093671928,155.66468210707592,169.91819763183594,8227500,0.0,0.0,CEG
2024-02-29 00:00:00-05:00,170.26632782904852,170.39166235249365,162.4980157508127,167.5509033203125,4536900,0.0,0.0,CEG
2024-03-01 00:00:00-05:00,166.1484357936236,169.40098677988465,164.16906691206702,169.08270263671875,4554500,0.0,0.0,CEG
2024-03-04 00:00:00-05:00,172.03684800908718,176.09009502232306,168.71466342824846,175.05067443847656,3818200,0.0,0.0,CEG
2024-03-05 00:00:00-05:00,176.4431935078839,184.5894824225419,174.48370702165994,175.82650756835938,4323800,0.0,0.0,CEG
2024-03-06 00:00:00-05:00,175.82652006982062,179.8449504790393,174.07590410048587,179.01937866210938,2073600,0.0,0.0,CEG
2024-03-07 00:00:00-05:00,181.13519186707745,181.43418009453745,175.61393878963042,178.9725341796875,1967800,0.353,0.0,CEG
2024-03-08 00:00:00-05:00,178.9725274142165,179.2216817264859,167.89014847076874,169.99301147460938,3196900,0.0,0.0,CEG
2024-03-11 00:00:00-04:00,169.7338858780804,170.3816962319202,165.83710867838005,167.34201049804688,2601700,0.0,0.0,CEG
2024-03-12 00:00:00-04:00,166.0065466291836,168.48811390884646,163.64455334893236,167.80044555664062,2617000,0.0,0.0,CEG
2024-03-13 00:00:00-04:00,170.66074652667868,170.73050182774148,165.87698059660792,167.29217529296875,1639000,0.0,0.0,CEG
2024-03-14 00:00:00-04:00,167.28221701690742,167.820383658515,162.7177080363845,164.08306884765625,3012300,0.0,0.0,CEG
2024-03-15 00:00:00-04:00,163.62461953919166,167.8203850255156,162.1197329043432,164.96009826660156,4530900,0.0,0.0,CEG
2024-03-18 00:00:00-04:00,167.1227560608155,170.5012880710377,165.6278301234221,168.26885986328125,2006800,0.0,0.0,CEG
2024-03-19 00:00:00-04:00,168.42832874091673,173.42137608877206,167.69082644226157,171.82679748535156,1922200,0.0,0.0,CEG
2024-03-20 00:00:00-04:00,172.33506034226235,176.17204300009934,172.06697308878054,175.11563110351562,1969200,0.0,0.0,CEG
2024-03-21 00:00:00-04:00,176.859707177951,177.20851409765947,171.78691372329598,173.5409698486328,2212100,0.0,0.0,CEG
2024-03-22 00:00:00-04:00,174.40803921741522,177.7666348777634,173.62569093463244,177.6370849609375,1608100,0.0,0.0,CEG
2024-03-25 00:00:00-04:00,179.39112002986244,188.41050993946524,178.93266936529636,186.6265563964844,3570600,0.0,0.0,CEG
2024-03-26 00:00:00-04:00,189.2576237065394,198.1574243157937,183.85595963641023,184.78282165527344,4228700,0.0,0.0,CEG
2024-03-27 00:00:00-04:00,187.443783766374,189.4768763689262,181.72319498498447,184.2645721435547,2452100,0.0,0.0,CEG
2024-03-28 00:00:00-04:00,184.4041000032212,186.19801420606552,182.71484156729056,184.22471618652344,2050800,0.0,0.0,CEG
2024-04-01 00:00:00-04:00,185.4007097594907,188.17130455707297,182.7796014697312,185.3508758544922,1977500,0.0,0.0,CEG
2024-04-02 00:00:00-04:00,184.06026784928864,187.73280025108028,183.4971766286943,187.49362182617188,1875500,0.0,0.0,CEG
2024-04-03 00:00:00-04:00,187.8424165402046,192.5564271199691,186.2378621464491,189.61639404296875,2555800,0.0,0.0,CEG
2024-04-04 00:00:00-04:00,192.78564334853493,194.83867245119012,182.34109882245892,182.49058532714844,3747800,0.0,0.0,CEG
2024-04-05 00:00:00-04:00,181.7032682562657,194.19088145275128,180.80630358752845,192.42686462402344,4330700,0.0,0.0,CEG
2024-04-08 00:00:00-04:00,194.20583225807343,196.97143913455665,187.47367764748088,191.33058166503903,1663500,0.0,0.0,CEG
2024-04-09 00:00:00-04:00,191.9484923153209,194.1809052678845,184.4240288841926,187.46371459960935,1958600,0.0,0.0,CEG
2024-04-10 00:00:00-04:00,182.8792784081349,193.17433715918665,181.88266108710965,190.4336395263672,3861900,0.0,0.0,CEG
2024-04-11 00:00:00-04:00,190.9219880599841,193.6228124920333,189.3572915618456,192.22755432128903,2267300,0.0,0.0,CEG
2024-04-12 00:00:00-04:00,191.31066449726444,192.59629412914364,189.70611002844493,191.02163696289065,1801400,0.0,0.0,CEG
2024-04-15 00:00:00-04:00,193.4334492275314,195.3369919312772,184.15494454394343,184.77284240722656,2531500,0.0,0.0,CEG
2024-04-16 00:00:00-04:00,184.40410053899217,187.63811885918972,182.49059711945645,186.01861572265625,2982700,0.0,0.0,CEG
2024-04-17 00:00:00-04:00,187.28432227578008,188.40052879194903,182.0122234194033,184.77284240722656,3282900,0.0,0.0,CEG
2024-04-18 00:00:00-04:00,185.5003778352169,187.63114605089365,182.47065281017143,183.2380523681641,1654200,0.0,0.0,CEG
2024-04-19 00:00:00-04:00,182.67994595719773,185.3309515062968,177.04904933985517,180.28805541992188,3413600,0.0,0.0,CEG
2024-04-22 00:00:00-04:00,180.98570459511643,183.2280934808684,177.60717261553705,182.6002197265625,2327500,0.0,0.0,CEG
2024-04-23 00:00:00-04:00,183.3476841688468,189.1081308919595,183.3476841688468,187.6132049560547,2387300,0.0,0.0,CEG
2024-04-24 00:00:00-04:00,186.09835267551904,193.7125085871922,183.02578882030613,185.53028869628903,2266400,0.0,0.0,CEG
2024-04-25 00:00:00-04:00,184.97217210622532,189.88449950054857,184.77782443838504,187.3740081787109,2908900,0.0,0.0,CEG
2024-04-26 00:00:00-04:00,186.28270815020196,188.7393812494445,185.00206653069483,187.7327880859375,1826600,0.0,0.0,CEG
2024-04-29 00:00:00-04:00,187.7925858460349,189.7758596980491,185.5103389772316,187.97198486328125,2205500,0.0,0.0,CEG
2024-04-30 00:00:00-04:00,187.9719862162472,188.75930717808023,185.08180218054844,185.3110198974609,2173200,0.0,0.0,CEG
2024-05-01 00:00:00-04:00,185.619985252152,187.56837403630396,183.29786495406952,183.93569946289065,2717000,0.0,0.0,CEG
2024-05-02 00:00:00-04:00,184.37420030271707,186.54681871494924,182.97894216707928,185.5502014160156,3071000,0.0,0.0,CEG
2024-05-03 00:00:00-04:00,188.68955888146343,196.602702829582,187.36405602197905,194.2008514404297,3480200,0.0,0.0,CEG
2024-05-06 00:00:00-04:00,197.08106864703169,198.23714835051072,193.46334302630527,197.0312347412109,2708000,0.0,0.0,CEG
2024-05-07 00:00:00-04:00,198.02785251133133,204.38627568878243,196.6824282939329,199.88156127929688,2797300,0.0,0.0,CEG
2024-05-08 00:00:00-04:00,197.86838090086644,207.5654776325951,197.43984278545787,207.29638671875,3992100,0.0,0.0,CEG
2024-05-09 00:00:00-04:00,204.7350816242919,215.2194997238896,202.313308920402,215.1796417236328,4313500,0.0,0.0,CEG
2024-05-10 00:00:00-04:00,219.7740439744517,219.7740439744517,211.1433347926044,214.20294189453125,2744700,0.0,0.0,CEG
2024-05-13 00:00:00-04:00,216.26594593134908,217.93528288723067,211.87086015463572,212.8674774169922,1919300,0.0,0.0,CEG
2024-05-14 00:00:00-04:00,213.84418862170213,217.1728868670093,210.05703971167168,217.0034637451172,1951000,0.0,0.0,CEG
2024-05-15 00:00:00-04:00,219.39533612779303,223.9598452764081,219.0166166800507,222.5546112060547,2682200,0.0,0.0,CEG
2024-05-16 00:00:00-04:00,222.9731703340269,224.0395580778153,215.5085169561968,215.6081695556641,3539800,0.0,0.0,CEG
2024-05-17 00:00:00-04:00,215.62812061965425,216.97555220335195,209.1999420467733,212.3891143798828,3057300,0.0,0.0,CEG
2024-05-20 00:00:00-04:00,213.22626183742744,214.5119066315172,210.43573044048543,214.3424835205078,2326200,0.0,0.0,CEG
2024-05-21 00:00:00-04:00,215.19956141542548,221.91676733986745,214.7710232855747,221.8370361328125,1881100,0.0,0.0,CEG
2024-05-22 00:00:00-04:00,221.3487066248193,223.6459021833195,217.1230438323718,219.3654327392578,1573700,0.0,0.0,CEG
2024-05-23 00:00:00-04:00,223.0230128909754,227.27857291911172,219.99330306194665,220.4118804931641,2658300,0.0,0.0,CEG
2024-05-24 00:00:00-04:00,222.55460755636705,235.5006718002109,220.89025848479463,229.849853515625,2670600,0.0,0.0,CEG
2024-05-28 00:00:00-04:00,231.95271479798797,233.98580738937773,221.0696557574556,230.48768615722656,2602200,0.0,0.0,CEG
2024-05-29 00:00:00-04:00,226.35836881749168,228.454470584214,218.48303853516845,220.32960510253903,3809400,0.353,0.0,CEG
2024-05-30 00:00:00-04:00,221.91664810178537,224.87113637017484,219.59097818697293,224.5417633056641,2040800,0.0,0.0,CEG
2024-05-31 00:00:00-04:00,223.64342087403932,224.06263817425912,207.6132823737773,216.84608459472656,5618300,0.0,0.0,CEG
2024-06-03 00:00:00-04:00,215.09934779042456,216.7961841468636,203.6706383901032,207.872802734375,4922600,0.0,0.0,CEG
2024-06-04 00:00:00-04:00,206.60517741774612,208.11236459927875,196.47403877981677,202.7623291015625,4666700,0.0,0.0,CEG
2024-06-05 00:00:00-04:00,204.1098134407452,212.45427096485832,204.06987928053843,208.94081115722656,4502200,0.0,0.0,CEG
2024-06-06 00:00:00-04:00,209.110492910086,209.4199141142791,195.8452086769835,202.22332763671875,4842100,0.0,0.0,CEG
2024-06-07 00:00:00-04:00,201.70429807380336,203.6207266142874,197.15277838635123,197.6318817138672,4558700,0.0,0.0,CEG
2024-06-10 00:00:00-04:00,199.15903958935297,214.37071139772243,197.76364369759924,214.23097229003903,5719600,0.0,0.0,CEG
2024-06-11 00:00:00-04:00,210.76741320201452,219.1517897589866,210.0587265386192,217.90411376953125,3701900,0.0,0.0,CEG
2024-06-12 00:00:00-04:00,220.85861827851144,221.3576886766992,211.7555638588819,217.72445678710935,3137900,0.0,0.0,CEG
2024-06-13 00:00:00-04:00,219.90040129004336,219.95031137705317,213.7219071865719,219.52110290527344,2238200,0.0,0.0,CEG
2024-06-14 00:00:00-04:00,218.3932161296476,218.46307806776247,210.56779569639664,214.50045776367188,2373800,0.0,0.0,CEG
2024-06-17 00:00:00-04:00,213.4723753800024,214.32080118141295,208.32198024960323,211.62582397460935,3321100,0.0,0.0,CEG
2024-06-18 00:00:00-04:00,212.39437050036076,220.78873814018465,208.72621530739295,220.00021362304688,2714700,0.0,0.0,CEG
2024-06-20 00:00:00-04:00,223.4038851214078,227.34653830511863,218.882293205378,221.8966827392578,3075100,0.0,0.0,CEG
2024-06-21 00:00:00-04:00,222.58539759172345,224.162461877647,215.33890089298885,217.72445678710935,5513400,0.0,0.0,CEG
2024-06-24 00:00:00-04:00,217.59470369635503,220.4394111900582,214.9506265328544,215.6982421875,2474100,0.0,0.0,CEG
2024-06-25 00:00:00-04:00,216.0974916353536,222.04641773695437,213.78179757835903,221.95657348632807,2305100,0.0,0.0,CEG
2024-06-26 00:00:00-04:00,220.1599255359415,221.7868846978092,207.06430776611512,209.9189910888672,4237000,0.0,0.0,CEG
2024-06-27 00:00:00-04:00,207.20405001215116,207.53343831174269,200.88581676817537,204.39927673339844,4733600,0.0,0.0,CEG
2024-06-28 00:00:00-04:00,204.8683961471692,206.914587802762,199.06920062245263,199.8976593017578,10579100,0.0,0.0,CEG
2024-07-01 00:00:00-04:00,207.8029390203585,213.192893337196,202.7623248510379,204.6687774658203,4168400,0.0,0.0,CEG
2024-07-02 00:00:00-04:00,203.08173762471523,211.4062283953486,202.72240632085376,205.7667236328125,1905300,0.0,0.0,CEG
2024-07-03 00:00:00-04:00,204.92828344485648,212.03504100586895,201.63441578716237,209.679443359375,1612700,0.0,0.0,CEG
2024-07-05 00:00:00-04:00,209.6095760405012,212.36443927122497,207.68317153320697,210.8971710205078,1601600,0.0,0.0,CEG
2024-07-08 00:00:00-04:00,211.4361752857032,216.02761399670288,210.8572517727123,215.32891845703125,1634400,0.0,0.0,CEG
2024-07-09 00:00:00-04:00,216.63648090014271,221.95657339732935,214.6601663043074,215.5585021972656,1773200,0.0,0.0,CEG
2024-07-10 00:00:00-04:00,217.77435193598475,219.55105656791287,213.34261958765987,219.14181518554688,2584300,0.0,0.0,CEG
2024-07-11 00:00:00-04:00,219.15178802204076,220.13296211817888,214.78991767121036,216.4368438720703,2438200,0.0,0.0,CEG
2024-07-12 00:00:00-04:00,215.85792880981043,220.72886089777168,211.91229044430185,216.73629760742188,1760700,0.0,0.0,CEG
2024-07-15 00:00:00-04:00,216.5965577124547,219.24162479050784,211.2445271286107,212.48422241210935,2164300,0.0,0.0,CEG
2024-07-16 00:00:00-04:00,213.74187840693983,214.61025606213056,203.68061693381048,204.4990997314453,4049600,0.0,0.0,CEG
2024-07-17 00:00:00-04:00,201.7542001252566,202.6824637372492,185.4246164046021,186.32293701171875,6748700,0.0,0.0,CEG
2024-07-18 00:00:00-04:00,190.0160598993693,192.48146890258815,177.73894019995694,186.9318084716797,5484900,0.0,0.0,CEG
2024-07-19 00:00:00-04:00,187.6704400589117,189.58686859359105,186.0534415840103,188.94805908203125,2827000,0.0,0.0,CEG
2024-07-22 00:00:00-04:00,191.88260266317656,196.4540895880255,188.25934650061436,190.06597900390625,1868800,0.0,0.0,CEG
2024-07-23 00:00:00-04:00,189.31737316712585,191.80474455136212,187.94992507653905,189.5169982910156,1856600,0.0,0.0,CEG
2024-07-24 00:00:00-04:00,187.9399334042952,187.9399334042952,174.3752029471303,174.75450134277344,4910100,0.0,0.0,CEG
2024-07-25 00:00:00-04:00,176.3714757216096,176.51121482392352,165.56160906626187,170.11312866210938,5542000,0.0,0.0,CEG
2024-07-26 00:00:00-04:00,176.21176498932402,176.740793609875,171.1212561961006,174.7145538330078,3469300,0.0,0.0,CEG
2024-07-29 00:00:00-04:00,175.7226926401691,176.820638392877,170.80984649776912,172.35894775390625,2100100,0.0,0.0,CEG
2024-07-30 00:00:00-04:00,173.14748507680773,174.704582281487,165.4418369143109,168.37637329101562,3517100,0.0,0.0,CEG
2024-07-31 00:00:00-04:00,192.9206540412299,196.1346686595813,182.65976775930477,189.44712829589844,7483700,0.0,0.0,CEG
2024-08-01 00:00:00-04:00,187.94193388297072,193.90881638369237,176.2916222250902,177.2398681640625,4482100,0.0,0.0,CEG
2024-08-02 00:00:00-04:00,174.14562316065968,175.00402484095065,161.13785482656849,166.7693634033203,6099200,0.0,0.0,CEG
2024-08-05 00:00:00-04:00,155.9495228843624,172.43879780857353,155.31071338645617,169.65399169921875,5430800,0.0,0.0,CEG
2024-08-06 00:00:00-04:00,173.31716399683057,183.4882209564783,168.07692491492693,180.70339965820312,6322100,0.0,0.0,CEG
2024-08-07 00:00:00-04:00,189.73659052461687,189.73659052461687,176.5711102760124,179.32598876953125,6154900,0.0,0.0,CEG
2024-08-08 00:00:00-04:00,182.90931030893032,187.2811720948238,176.09200649268504,186.68228149414065,3338800,0.0,0.0,CEG
2024-08-09 00:00:00-04:00,186.7321920212644,189.74658165238853,182.72965269623856,189.5169982910156,3204000,0.0,0.0,CEG
2024-08-12 00:00:00-04:00,190.0,190.8300018310547,183.6999969482422,187.3300018310547,2232300,0.353,0.0,CEG
2024-08-13 00:00:00-04:00,189.33999633789065,190.8500061035156,187.07000732421875,189.41000366210935,2349000,0.0,0.0,CEG
2024-08-14 00:00:00-04:00,188.9600067138672,189.88999938964844,182.2100067138672,186.1499938964844,2327900,0.0,0.0,CEG
2024-08-15 00:00:00-04:00,186.3999938964844,192.5800018310547,185.4900054931641,190.38999938964844,4241900,0.0,0.0,CEG
2024-08-16 00:00:00-04:00,191.22000122070312,191.3600006103516,185.8300018310547,189.97999572753903,2572300,0.0,0.0,CEG
2024-08-19 00:00:00-04:00,189.6100006103516,192.8800048828125,185.55999755859372,192.77999877929688,2025100,0.0,0.0,CEG
2024-08-20 00:00:00-04:00,193.0,193.5,189.63900756835935,190.72000122070312,2507000,0.0,0.0,CEG
2024-08-21 00:00:00-04:00,191.47999572753903,197.3300018310547,190.97999572753903,196.7400054931641,2404200,0.0,0.0,CEG
2024-08-22 00:00:00-04:00,195.57000732421875,198.80799865722656,194.7100067138672,194.9499969482422,1520300,0.0,0.0,CEG
2024-08-23 00:00:00-04:00,195.00999450683597,197.3300018310547,192.5200042724609,194.9900054931641,2683300,0.0,0.0,CEG
2024-08-26 00:00:00-04:00,195.5,197.9900054931641,193.0800018310547,194.88999938964844,1953400,0.0,0.0,CEG
2024-08-27 00:00:00-04:00,194.88999938964844,198.3000030517578,193.57000732421875,196.13999938964844,1703200,0.0,0.0,CEG
2024-08-28 00:00:00-04:00,197.19000244140625,197.4499969482422,192.41000366210935,193.7700042724609,2493200,0.0,0.0,CEG
2024-08-29 00:00:00-04:00,195.91000366210935,199.1100006103516,192.30999755859372,194.44000244140625,2463800,0.0,0.0,CEG
2024-08-30 00:00:00-04:00,195.25999450683597,197.80999755859372,195.1499938964844,196.6999969482422,2239400,0.0,0.0,CEG
2024-09-03 00:00:00-04:00,195.5,195.8000030517578,177.17999267578125,177.77999877929688,4252300,0.0,0.0,CEG
2024-09-04 00:00:00-04:00,177.67999267578125,182.75,176.0,177.52000427246094,3310400,0.0,0.0,CEG
2024-09-05 00:00:00-04:00,177.97000122070312,179.75,175.11000061035156,176.07000732421875,2444900,0.0,0.0,CEG
2024-09-06 00:00:00-04:00,175.80999755859375,176.63999938964844,171.94000244140625,173.11000061035156,3390300,0.0,0.0,CEG
2024-09-09 00:00:00-04:00,176.35000610351562,176.35000610351562,171.0399932861328,174.9199981689453,2184400,0.0,0.0,CEG
2024-09-10 00:00:00-04:00,176.85000610351562,181.2050018310547,173.86000061035156,180.25,2301800,0.0,0.0,CEG
2024-09-11 00:00:00-04:00,181.52999877929688,188.1499938964844,179.14500427246094,187.25,2846900,0.0,0.0,CEG
2024-09-12 00:00:00-04:00,187.0,191.67999267578125,184.19000244140625,189.92999267578125,2154900,0.0,0.0,CEG
2024-09-13 00:00:00-04:00,191.4499969482422,197.80999755859372,189.17999267578125,195.97999572753903,2613600,0.0,0.0,CEG
2024-09-16 00:00:00-04:00,195.0,199.52999877929688,192.69000244140625,199.25,2264000,0.0,0.0,CEG
2024-09-17 00:00:00-04:00,200.0,204.6999969482422,198.25,201.22999572753903,2881700,0.0,0.0,CEG
2024-09-18 00:00:00-04:00,201.9600067138672,204.9530029296875,198.4199981689453,200.3300018310547,1796000,0.0,0.0,CEG
2024-09-19 00:00:00-04:00,205.1100006103516,208.63999938964844,202.47000122070312,208.5,3432600,0.0,0.0,CEG
2024-09-20 00:00:00-04:00,235.16000366210935,255.2400054931641,233.0,254.97999572753903,15031400,0.0,0.0,CEG
2024-09-23 00:00:00-04:00,259.5599975585937,271.8500061035156,252.1100006103516,257.1199951171875,10270000,0.0,0.0,CEG
2024-09-24 00:00:00-04:00,254.0800018310547,259.44000244140625,251.08799743652344,253.4900054931641,4562700,0.0,0.0,CEG
2024-09-25 00:00:00-04:00,254.44000244140625,267.0899963378906,253.2400054931641,262.8599853515625,6246200,0.0,0.0,CEG
2024-09-26 00:00:00-04:00,263.8299865722656,270.1199951171875,254.5,256.7699890136719,4072200,0.0,0.0,CEG
2024-09-27 00:00:00-04:00,257.17999267578125,262.3999938964844,255.33999633789065,257.0,2598100,0.0,0.0,CEG
2024-09-30 00:00:00-04:00,257.75,261.1199951171875,251.2749938964844,260.0199890136719,2899300,0.0,0.0,CEG
2024-10-01 00:00:00-04:00,259.1000061035156,266.0,253.9600067138672,265.6099853515625,3179800,0.0,0.0,CEG
2024-10-02 00:00:00-04:00,264.9100036621094,269.7200012207031,261.6499938964844,265.3800048828125,3233600,0.0,0.0,CEG
2024-10-03 00:00:00-04:00,272.1499938964844,279.510009765625,268.0,277.3699951171875,4274200,0.0,0.0,CEG
2024-10-04 00:00:00-04:00,277.9100036621094,286.0,275.6000061035156,285.5199890136719,3829200,0.0,0.0,CEG
2024-10-07 00:00:00-04:00,285.0,288.75299072265625,274.0,278.5599975585937,3477000,0.0,0.0,CEG
2024-10-08 00:00:00-04:00,278.8900146484375,281.3999938964844,273.1000061035156,279.3900146484375,2599100,0.0,0.0,CEG
2024-10-09 00:00:00-04:00,276.04998779296875,276.04998779296875,257.5,262.2799987792969,5235800,0.0,0.0,CEG
2024-10-10 00:00:00-04:00,261.0599975585937,267.760009765625,259.0299987792969,262.3099975585937,2733500,0.0,0.0,CEG
2024-10-11 00:00:00-04:00,256.3900146484375,266.8999938964844,249.0500030517578,266.2200012207031,4477700,0.0,0.0,CEG
2024-10-14 00:00:00-04:00,267.57000732421875,272.82000732421875,265.2099914550781,271.739990234375,2229300,0.0,0.0,CEG
2024-10-15 00:00:00-04:00,269.79998779296875,269.79998779296875,262.3399963378906,266.1499938964844,3000900,0.0,0.0,CEG
2024-10-16 00:00:00-04:00,268.2200012207031,280.239990234375,264.1199951171875,279.79998779296875,2469300,0.0,0.0,CEG
2024-10-17 00:00:00-04:00,285.0,285.0,270.5400085449219,271.20001220703125,3209900,0.0,0.0,CEG
2024-10-18 00:00:00-04:00,267.7799987792969,272.5799865722656,265.0,270.1600036621094,1708800,0.0,0.0,CEG
2024-10-21 00:00:00-04:00,273.0799865722656,274.1199951171875,268.010009765625,273.7200012207031,1650900,0.0,0.0,CEG
2024-10-22 00:00:00-04:00,270.3699951171875,271.42498779296875,265.8500061035156,266.0,2134100,0.0,0.0,CEG
2024-10-23 00:00:00-04:00,265.0,267.9259948730469,262.6099853515625,266.04998779296875,2633700,0.0,0.0,CEG
2024-10-24 00:00:00-04:00,267.7900085449219,267.79998779296875,262.57000732421875,264.5,1553700,0.0,0.0,CEG
2024-10-25 00:00:00-04:00,269.0,269.739990234375,263.0899963378906,264.4100036621094,2016200,0.0,0.0,CEG
2024-10-28 00:00:00-04:00,266.8900146484375,271.19000244140625,265.010009765625,266.9800109863281,1542500,0.0,0.0,CEG
2024-10-29 00:00:00-04:00,266.2799987792969,267.2300109863281,261.70001220703125,265.0,1829700,0.0,0.0,CEG
2024-10-30 00:00:00-04:00,266.8800048828125,268.0,261.42999267578125,261.7799987792969,1831000,0.0,0.0,CEG
2024-10-31 00:00:00-04:00,261.739990234375,264.19000244140625,259.3500061035156,262.9599914550781,2290900,0.0,0.0,CEG
2024-11-01 00:00:00-04:00,262.7300109863281,264.7699890136719,256.82000732421875,258.1000061035156,2804500,0.0,0.0,CEG
2024-11-04 00:00:00-05:00,232.5,235.4980010986328,224.67999267578125,225.9499969482422,10719400,0.0,0.0,CEG
2024-11-05 00:00:00-05:00,230.3500061035156,236.8600006103516,227.0,233.75,6347400,0.0,0.0,CEG
2024-11-06 00:00:00-05:00,238.82000732421875,242.0,233.75999450683597,234.9900054931641,4790100,0.0,0.0,CEG
2024-11-07 00:00:00-05:00,242.5200042724609,248.3500061035156,238.39700317382807,241.58999633789065,4154900,0.0,0.0,CEG
2024-11-08 00:00:00-05:00,243.25,248.0,236.8300018310547,239.3699951171875,5159100,0.0,0.0,CEG
